type,year,subject,content,option_a,option_b,option_c,option_d,answer,explanation,tags
"essay","108-1","諮商的心理學基礎","試從荷妮(Karen Horney)提出的「現實自我」(actual self)、「理想化自我形象」(idealized self-image)、「應然的專制」(tyranny of the shoulds)等概念，說明健康的自我形象以及神經症傾向者的自我形象之內涵。","","","","","","【擬答重點】\n一、核心概念定義：\n1. 現實自我(actual self)：指個人當下身心存在的總和，包含天賦、潛能及獨特性。\n2. 理想化自我形象(idealized self-image)：神經症者為補償自卑與焦慮，想像出一個完美、無所不能的自我形象。\n3. 應然的專制(tyranny of the shoulds)：神經症者強迫自己必須符合理想化形象的嚴苛內在指令。\n\n二、自我形象之內涵比較：\n1. 健康者：\n   - 能接納「現實自我」，承認自己的優缺點。\n   - 以「真實自我」(real self)為核心，追求自我實現(self-realization)。\n   - 目標是發揮潛能，而非追求完美。\n2. 神經症傾向者：\n   - 疏離「現實自我」，甚至憎恨真實的自己。\n   - 過度認同「理想化自我形象」，活在虛幻的榮耀中。\n   - 受「應然的專制」驅使，設立不可能達成的標準，導致不斷的挫折、焦慮與自我憎恨。","Karen Horney,現實自我,理想化自我,應然的專制,神經症,自我形象"
"essay","108-1","諮商的心理學基礎","請以懷納(Bernard Weiner)提出的成因分類方式，說明並舉例青少年通常會如何對自己的「成就結果」(成功或失敗)做歸因。其次，依據德威克(Carol Dweck)的觀點，說明「精熟取向」的兒童和「習得無助取向」的兒童通常會以何種方式解釋自己的成就結果。","","","","","","【擬答重點】\n一、Weiner 的歸因理論(成因分類)：\n1. 分類向度：\n   - 歸因位置(Locus)：內在 vs. 外在\n   - 穩定性(Stability)：穩定 vs. 不穩定\n   - 可控制性(Controllability)：可控 vs. 不可控\n2. 青少年常見歸因舉例：\n   - 能力(內在/穩定/不可控)：「我這次考得好是因為我聰明」或「我數學就是爛」。\n   - 努力(內在/不穩定/可控)：「我這次失敗是因為沒唸書」。\n   - 運氣(外在/不穩定/不可控)：「題目剛好都很難」。\n   - 難度(外在/穩定/不可控)：「老師出題太偏」。\n\n二、Dweck 的成就目標取向：\n1. 精熟取向(Mastery-oriented)：\n   - 持「增長觀」(Incremental theory)看待智力。\n   - 歸因方式：將失敗歸因於「努力不足」(可控、不穩定)，認為透過努力可改善結果。\n   - 面對挑戰會堅持。\n2. 習得無助取向(Learned helplessness)：\n   - 持「實體觀」(Entity theory)看待智力。\n   - 歸因方式：將失敗歸因於「能力不足」(內在、穩定、不可控)，認為再努力也沒用。\n   - 容易放棄挑戰。","Bernard Weiner,歸因理論,Carol Dweck,精熟取向,習得無助,成就動機"
"essay","108-1","諮商的心理學基礎","不少人可能會以「自我設限」(self-handicapping；另譯為自我跛足)的方式來做「印象整飾」或維持自尊。定義自我設限的內涵以及舉例說明自我設限的兩種主要方式，並討論自我設限這種策略的可能得失。","","","","","","【擬答重點】\n一、定義：\n自我設限(self-handicapping)指個體在預期可能失敗的情境下，預先製造障礙或藉口，以便將失敗歸因於外在因素，若成功則可歸因於內在能力，藉此保護或提升自尊的策略。\n\n二、兩種主要方式與舉例：\n1. 行為式自我設限(Behavioral)：實際做出阻礙成功的行為。\n   - 例：考試前熬夜打電動、酗酒，若考差了可說是精神不濟。\n2. 宣稱式自我設限(Self-reported)：口頭宣稱有不利因素。\n   - 例：上台演講前先宣稱自己身體不舒服或焦慮，若講不好可歸咎於生病。\n\n三、策略之得失：\n1. 得(優點)：\n   - 維護自尊：失敗有藉口(非能力不足)，成功則顯得能力超群(克服障礙)。\n   - 減輕表現壓力。\n2. 失(缺點)：\n   - 增加失敗機率：實際的障礙確實會降低表現。\n   - 印象不佳：長期使用會被他人視為不負責任、愛找藉口。\n   - 內在動機降低：習慣逃避努力。","自我設限,self-handicapping,印象整飾,自尊,歸因偏誤"
"choice","108-1","諮商的心理學基礎","下課時，一群高中生聚在一起討論誰的身材比較好，要如何減重等等，針對青少年的身體意象，下列何者正確？","青少男在心因性厭食症和暴食症危機比青少女大","過度保護的父母教養方式與暴食症有關係","過度在意自己的體型，是造成厭食症的重要因素","兒童期的肥胖症與厭食症有關","過度在意自己的體型，是造成厭食症的重要因素","A錯誤(女大於男)；B暴食症常與衝動控制有關，厭食症較常與家庭過度控制有關；D關聯性不如C直接。體像不滿意是飲食疾患的核心特徵。","身體意象,飲食疾患,厭食症"
"choice","108-1","諮商的心理學基礎","研究發現腦內一種代謝神經傳導素的單胺氧化酵素(monoamine oxidase A，簡稱MAOA)，其活性高低受不同的基因型控制，具低MAOA活性者若於童年遭不當對待，最易表現出反社會行為。當幼年沒有受虐經驗或嚴重性較低時，MAOA活性之高低與反社會傾向的關聯性並不顯著。此發現最支持下列何種觀點？","先天遺傳結構的不同決定人類行為的差異","人類行為是養育方式與後天學習的產物","人類行為是漸進、質變的發展過程","遺傳與環境因素之間交互影響造成行為差異","遺傳與環境因素之間交互影響造成行為差異","題目描述基因(MAOA)與環境(受虐)必須特定組合才會產生結果，這是典型的基因-環境交互作用(G×E interaction)。","MAOA,基因環境交互作用,反社會行為"
"choice","108-1","諮商的心理學基礎","關於大腦的發展順序，下列那一個部分最晚發展？","髓鞘","腦幹","小腦","皮質","皮質","大腦發展通常由下而上、由內而外。腦幹最早，皮質(特別是前額葉)最晚成熟，持續發展至成年早期。","大腦發展,皮質,腦幹"
"choice","108-1","諮商的心理學基礎","關於阿茲海默症，下列敘述何者正確？","有能力從事具挑戰性的工作","配合醫囑與藥物治療可有效治癒此疾病","配偶在評估其另一半的損傷情況往往正確性高","可採取間隔回憶方式介入認知損害","可採取間隔回憶方式介入認知損害","A能力會下降；B目前無法治癒只能延緩；C家屬常有否認或誤判；D間隔回憶(spaced retrieval)是證實有效的認知復健技術。","阿茲海默症,認知介入,間隔回憶"
"choice","108-1","諮商的心理學基礎","下列何者是社會心理學與人格心理學最主要的差異？","研究對象","分析層次","研究方法","分析工具","分析層次","社會心理學側重情境與社會影響(人際/群體層次)；人格心理學側重個體內在穩定的特質(個體層次)。","社會心理學,人格心理學,分析層次"
"choice","108-1","諮商的心理學基礎","設若你根據爬行與使用學步椅的經驗，將6個月的嬰兒分為：①無任何爬行與使用學步椅經驗 ②僅具爬行經驗 ③僅具使用學步椅經驗 ④兼具爬行與使用學步椅經驗等組，研究其對視覺懸崖(visual cliff)的心跳反應。心跳速率最明顯增加和減緩的分別是那兩組？","1和2","1和3","④和1","②和3","④和1","有移動經驗(爬行或學步椅)的嬰兒會發展出對高度的恐懼(心跳增加)；無經驗者在懸崖上心跳可能不變或因興趣而微降。④經驗最多(心跳增)，①無經驗(心跳緩/不變)。","視覺懸崖,發展心理學,知覺發展"
"choice","108-1","諮商的心理學基礎","嬰兒在4到6個月時，開始能夠發出重複的子音母音組合例如「mamama」，這稱之為何？","洋涇濱語(pidgin)","咕咕聲(coos)","牙牙學語(babbles)","媽媽話(motherese)","牙牙學語(babbles)","Coos是2個月左右的母音聲；Babbles是4-6個月開始的子音+母音重複；Pidgin是混雜語言；Motherese是成人對嬰兒說話方式。","語言發展,牙牙學語"
"choice","108-1","諮商的心理學基礎","一個已經知道「貓」的意思的小朋友，看到大人表演一隻貓和熊玩偶在玩，大人說「看，這隻貓和這隻熊是好朋友」，之後大人問小朋友「熊在那裡？」的時候，小朋友能夠正確回答，最可能是使用了那一個學習語言的處理策略？","語彙對比侷限(lexical contrast constraint)","相互排除(mutual exclusivity)","物體範圍侷限(object scope constraint)","分類侷限(taxonomic constraint)","相互排除(mutual exclusivity)","相互排除原則指兒童傾向認為每個物體只有一個名稱。已知貓，聽到新詞「熊」，便推論指的是那個未知的玩偶。","語言學習策略,相互排除"
"choice","108-1","諮商的心理學基礎","老師說：「誰可以1分鐘內不想任何事情？」5歲的小麗馬上說：「我可以。」請問小麗的反應顯示下列何種情形？","抑制能力(inhibition)的發展逐漸成熟","記憶廣度(memory span)的發展逐漸成熟","後設認知(metacognition)的發展已經成熟","後設認知(metacognition)的發展尚未成熟","後設認知(metacognition)的發展尚未成熟","幼兒常高估自己的心智控制能力，這是後設認知(對思考的思考)尚未成熟的表現，無法理解心智流動的難以控制性。","後設認知,兒童發展"
"choice","108-1","諮商的心理學基礎","關於 Piaget所述具體運思期(concrete operational stage)與其他發展階段主要不同之處，下列敘述何者最正確？","小孩在這階段仍有自我中心的特色，無法真正理解他人的立場與自己的差異性","他們開始具有穩定的保留(conservation)概念，而且具有心智序列(mental seriation)的能力","開始發展後設認知(metacognition)能力，因此思考方式與前運思期(preoperational stage)有很大的不同","可以透過老師或父母的引導，進行假設演繹推論(hypothetico-deductive reasoning)","他們開始具有穩定的保留(conservation)概念，而且具有心智序列(mental seriation)的能力","A是前運思期特徵；C後設認知在形式運思期更成熟；D假設演繹是形式運思期特徵。具體運思期標誌是守恆(保留)與序列化能力。","Piaget,具體運思期,認知發展"
"choice","108-1","諮商的心理學基礎","有關同儕「社會地位」的敘述，下列何者錯誤？","被拒絕的孩子不論在什麼樣的班級，多半會有相同的評價","早熟的男孩子，較易被評為受歡迎的人物","外貌與個人在同儕中的社會地位無關","被忽視的孩子，在不同環境下，可能會有不同的評量","外貌與個人在同儕中的社會地位無關","研究顯示外貌吸引力與同儕受歡迎程度有正相關，尤其在兒童與青少年時期，「美即是好」的刻板印象存在。","同儕關係,社會地位"
"choice","108-1","諮商的心理學基礎","影響青少年吸菸行為之說明，下列敘述何者正確？","青少年吸菸都是受到同儕的影響","青少年長期吸菸才會對健康與社交產生損害","青少年吸菸是踏入使用其他更強力物質濫用的第一步","當父母使用放任式教養時，青少年較不容易吸菸","青少年吸菸是踏入使用其他更強力物質濫用的第一步","此即「閘門理論」(Gateway Theory)。A太武斷；B短期亦有影響；D放任式教養通常與較高風險行為相關。","青少年發展,物質濫用,閘門理論"
"choice","108-1","諮商的心理學基礎","目前臺灣的離婚率高，面對父母離婚的關係，青少年受到的影響，下列敘述何者正確？","在父母嚴重衝突的家庭裡，若父母分居或離婚，對青少年長遠來看通常會過得比較好","青少年常覺得要為父母離婚負責，而感到內疚","離婚家庭的青少年更覺得自己的婚姻會跟父母不同，會很幸福","青少年比較能理解父母離婚原因，所以不會不安和痛苦","在父母嚴重衝突的家庭裡，若父母分居或離婚，對青少年長遠來看通常會過得比較好","研究顯示，生活在高度衝突的完整家庭中，對孩子的負面影響往往大於結束衝突的離婚家庭。B較常見於年幼兒童；C可能有恐婚心態；D仍會感到痛苦。","離婚影響,青少年發展"
"choice","108-1","諮商的心理學基礎","就讀國中的小明認為自己的經驗是獨一無二的，不會因為魯莽騎車而受傷，不好的後果只會發生在別人身上。下列何者最能描述小明的發展特徵？","自我認同(self identify)","個人故事(personal narratives)","個人式預言(personal fable)","理想自我(ideal self)","個人式預言(personal fable)","Elkind提出的青少年自我中心主義特徵之一。個人神話/寓言指相信自己獨一無二、不會受傷、無堅不摧。","青少年自我中心,個人式預言,David Elkind"
"choice","108-1","諮商的心理學基礎","一個成人能在抽象推理與實際考量中靈活運作的後形式思維(postformal thought)能力，Sinnott稱之為何？","覺知矛盾","變化自如","實用主義","多重因果","變化自如","Sinnott認為後形式思考者能像換檔一樣，在抽象與實務間靈活切換，稱為「Complex postformal thought」中的靈活性，對應選項B的概念。","後形式思維,成人發展,Sinnott"
"choice","108-1","諮商的心理學基礎","Carstensen 以社會情緒選擇論來探討下列那一個議題？","個人生命全程","個人社會關係","個人教育過程","個人受到父母影響過程","個人生命全程","社會情緒選擇論(Socioemotional Selectivity Theory)解釋隨著年齡增長(生命全程)，知覺到時間有限，人們會改變社會目標，更重視情感滿足而非知識獲取。","社會情緒選擇論,Carstensen,老化"
"choice","108-1","諮商的心理學基礎","關於庫伯勒-羅斯(Kübler-Ross)面對死亡的情緒反應之理論，下列敘述何者正確？","可分為有序列性的五個階段，會依序進展發生","當個案問「為什麼是我？」是處於否認階段","當個案說「只要讓我活到孩子長大就好」是處於憂鬱階段","運用該理論可幫助人們完成一個適當的死亡歷程","運用該理論可幫助人們完成一個適當的死亡歷程","A錯誤，階段可能跳躍或並存；B是「憤怒」；C是「討價還價」。D正確，該理論雖有批評，但主要貢獻是協助理解並陪伴臨終者完成歷程。","悲傷五階段,Kübler-Ross,臨終關懷"
"choice","108-1","諮商的心理學基礎","關於80歲以上的年老老人，下列何者非主要特徵？","認知與學習能力損失","慢性壓力增加負面影響","面臨生活品質與尊嚴死亡的議題","具備處理生活得失之有效策略","具備處理生活得失之有效策略","高齡老人(oldest-old)面臨生理與認知的顯著衰退(A/B/C)，往往超出其心理補償或調適策略的負荷，因此D(有效策略)較不是其主要特徵(相較於年輕老人)。","老年心理學,高齡化"
"choice","108-1","諮商的心理學基礎","有關性格的研究方法，下列敘述何者錯誤？","個案研究法可研究人與環境的複雜關係","實驗研究法可建立因果關係","個案研究法可釐清變項間的關係","相關研究法常有信效度的問題","個案研究法可釐清變項間的關係","個案研究法深入描述單一案例，難以控制變項，因此很難釐清變項間的確切關係或因果，推論性較低。","研究方法,個案研究"
"choice","108-1","諮商的心理學基礎","當一個人曲解自己行為與自我概念一致，例如認為自己不會犯錯，將自己的錯誤解釋為他人因素造成，這種防衛方式屬於下列何者？","幻想(fantasy)","投射(projection)","合理化(rationalization)","隱覺(subception)","合理化(rationalization)","合理化作用是指為自己的失敗或錯誤行為找藉口，以維持自尊或自我概念的一致性。","防衛機轉,合理化"
"choice","108-1","諮商的心理學基礎","下列敘述何者不是阿德勒(A. Adler)個體心理學(Individual Psychology)對人格的主張？","人天生對他人感興趣且會與人互助合作","追求卓越源自於青少年時期的自卑感","手足關係影響人際互動風格","追求卓越是人類與生俱來的基本現象","追求卓越源自於青少年時期的自卑感","Adler認為自卑感始於嬰幼兒時期(因無助與依賴)，而非青少年時期才開始。","Adler,個體心理學,自卑感"
"choice","108-1","諮商的心理學基礎","根據 Jung 的觀點，下列何者並非集體潛意識？","情結(complexes)","面具(persona)","陰影(shadow)","自我(self)","情結(complexes)","Jung認為「情結」主要存於「個人潛意識」(Personal Unconscious)中。集體潛意識包含原型(Archetypes)如Persona, Shadow, Self, Anima/Animus等。","Jung,集體潛意識,情結"
"choice","108-1","諮商的心理學基礎","正常情況下，有關遺傳機制的敘述，下列何者錯誤？","多型基因(polymorphic genes)界定了人類所有的特徵","基因存在染色體(chromosome)之桿狀結構中的特定位置上","配子細胞有23個染色體","個體由單細胞逐漸成長，是經過有絲分裂","多型基因(polymorphic genes)界定了人類所有的特徵","許多特徵是由單型基因(monomorphic)決定的(如兩個眼睛)，多型基因決定個體差異。且「所有特徵」太過絕對，忽略環境影響。","遺傳學,基因"
"choice","108-1","諮商的心理學基礎","Skinner 認為，若要讓小孩學會某種特定行為方式，最有效的方法為下列何者？","父母以身作則，親自示範","小孩做出錯誤反應時，立刻給予懲罰","藉由年紀相近的手足，引導小孩表現該行為","小孩表現正確行為時立即給予增強","小孩表現正確行為時立即給予增強","Skinner的操作制約強調後果控制行為，立即的正增強(Positive Reinforcement)是建立新行為最有效的方式。","Skinner,操作制約,增強"
"choice","108-1","諮商的心理學基礎","自我決定論認為人性的基礎在於三種基本需求，下列何者不屬於這三種需求之一？","自主的需求","關係的需求","成就的需求","能力的需求","成就的需求","自我決定論(SDT)的三大需求是：自主(Autonomy)、勝任/能力(Competence)、關聯/關係(Relatedness)。成就是McClelland的理論。","自我決定論,SDT,基本心理需求"
"choice","108-1","諮商的心理學基礎","Bandura 的微觀分析(microanalytic)研究策略強調下列何者?","無意識歷程的持久影響","情境的特殊性","榜樣(modeling)或觀察學習 (observational learning)","目標與內在興趣","情境的特殊性","Bandura強調自我效能(Self-efficacy)具有情境特殊性，微觀分析即在評估特定情境下的具體效能信念。","Bandura,社會認知理論,微觀分析"
"choice","108-1","諮商的心理學基礎","關於憂鬱症者的認知基模，下列敘述何者錯誤？","憂鬱者通常具有負面的自我基模","負面的基模，造成負面的情緒","憂鬱者的認知總是扭曲的","憂鬱者對自己社交能力的評估與他人對其評估是較接近的","憂鬱者的認知總是扭曲的","「憂鬱現實主義」(Depressive Realism)現象顯示，輕度憂鬱者有時比正常人更能精確評估現實，故「總是扭曲」是錯誤的。","憂鬱症,認知基模,憂鬱現實主義"
"choice","108-1","諮商的心理學基礎","後設分析(meta-analysis)的最主要目的為下列何者？","針對研究所採用的方法進行分析，重視方法的多樣性","針對研究所採用的方法進行分析，重視方法的一致性","計算多個研究的平均結果，檢驗自變項的效果是否可靠","計算多個研究的平均結果，檢驗依變項的測量是否精確","計算多個研究的平均結果，檢驗自變項的效果是否可靠","後設分析是統計整合技術，旨在綜合多個獨立研究的結果，計算平均效果量(Effect Size)，以獲得更可靠的結論。","研究方法,後設分析"
"choice","108-1","諮商的心理學基礎","諮商心理師能夠理解個案所有領域的現象，感覺個案所體驗的每一種感覺、或體會到其所持有的個人意義，與下列何種能力最有關？","一致性(congruence)","無條件的正向關懷(unconditional positive regard)","同理心的理解(empathic understanding)","反思性的評估(reflected appraisal)","同理心的理解(empathic understanding)","Rogers定義的同理心即為進入當事人的現象場，如同當事人一般地感知其世界。","Rogers,人本治療,同理心"
"choice","108-1","諮商的心理學基礎","在一個研究中，甲被形容為「聰明、勤奮、合作、固執、情緒不穩、易怒」的人；乙是「固執、情緒不穩、易怒，聰明、勤奮、合作」的人，你認為那一個人會受到較高的評價？為什麼？","乙，因為分歧性歸因(actor-observer effect)","甲，因為初始效應(primacy effect)","乙，因為對比效應(contrast effect)","甲，因為新近效應(recency effect)","甲，因為初始效應(primacy effect)","Asch的印象形成實驗。先出現的訊息(正向形容詞)對總體印象影響較大，稱為初始效應。","印象形成,初始效應,Asch"
"choice","108-1","諮商的心理學基礎","想像你現在正在一間商店購物，看到一項商品標示著「原價200元，現在九折只要180元」，你受到折扣影響決定要購買，但結帳時店家卻告訴你：「很抱歉，這項折扣只到昨天為止，今天已恢復原價。」結果你猶豫了一下，還是用原價作購買。假如上述過程都是店家所安排好的銷售技倆，這項技倆主要運用的是那一種策略？","說服(persuasion)","低飛球(lowballing)","不僅如此(that's not all)","門在臉上(door-in-the-face)","低飛球(lowballing)","低球策略：先給予誘人條件讓對方承諾購買，隨後移除誘因或增加成本，對方仍傾向維持承諾。","順從策略,低球策略,社會心理學"
"choice","108-1","諮商的心理學基礎","依據社會比較理論，人們最可能會和下列何者作比較？","相似的人","友善的人","受歡迎的人","神經質的人","相似的人","Festinger指出，為了準確評估自己的能力或觀點，人們傾向與自己背景或能力相似的人進行比較。","社會比較理論,Festinger"
"choice","108-1","諮商的心理學基礎","根據 Margaret Clark 與 Judson Mills (1993)的理論，交換關係(exchange relationships)受制於公平考慮的影響。根據交換關係的假設，下列何者錯誤？","我們希望自己施予的恩惠立即得到回報","我們的施恩若未得到回報則認為自己被人利用","我們會追蹤記錄雙方在關係裡的貢獻","幫助他人讓我們產生好心情","幫助他人讓我們產生好心情","D選項「助人產生好心情」偏向內在獎賞或共享關係(Communal relationship)的特徵，交換關係強調的是外在的、即時的對價回報(A,B,C)。","人際關係,交換關係"
"choice","108-1","諮商的心理學基礎","蔡小姐向友人說：「我覺得人們尋找伴侶，最後還是較可能會和那些在外表吸引力上與自己差不多的對象在一起。」最能支持蔡小姐看法的理論為：","公平理論(equity theory)","配對假說(matching hypothesis)","自我覺察理論(self-awareness theory)","社會交換理論(social exchange theory)","配對假說(matching hypothesis)","配對假說(Matching Hypothesis)專指人們傾向選擇與自己身體吸引力等級相當的人作為伴侶。","人際吸引,配對假說"
"choice","108-1","諮商的心理學基礎","華人組織文化價值隨著社會經濟的發展，呈現個人取向價值與社會取向價值逐漸融合的趨勢，下列何者較不是年輕世代工作者最為關注的價值取向？","自我實現與成長","重視權勢與敬重","自主均衡的生活","兼顧家庭與生活","重視權勢與敬重","現代年輕世代更重視自我實現、工作生活平衡(自主均衡/兼顧家庭)，對於傳統的權威、面子與權勢(B)的重視程度相對下降。","組織心理學,華人文化,工作價值觀"
"choice","108-1","諮商的心理學基礎","社會期待男性與女性有不同的特質與行為模式，下列敘述何者正確？","女性因為需要撐起一個家，所以社會期待女性具備堅毅與獨立的特質，這些特質被認為是工具性特質(instrumental trait)","男性被期待要能保護家人，維持家計，因此被期待要成為能解決問題、果斷、競爭的人，這些特質被認為是表達性特質(expressive trait)","女性被期待要能成為好的妻子與母親，因此社會期待女性有較多溫暖與照顧的特質，這些特質被認為是表達性特質","在大多數的社會文化中，男性與女性都被期待要兼具工具性與表達性的特質，因此男女在這兩種特質上的差異並不顯著","女性被期待要能成為好的妻子與母親，因此社會期待女性有較多溫暖與照顧的特質，這些特質被認為是表達性特質","傳統性別刻板印象中，男性連結到工具性特質(競爭、獨立)，女性連結到表達性特質(情感、溫暖)。A錯在女性被期待工具性；B錯在男性被期待表達性；D錯在差異不顯著。","性別角色,刻板印象"
"choice","108-1","諮商的心理學基礎","高三的小寧因為無法進入心目中的理想大學就讀，深感挫折，於是在校園裡對弱勢族群同學表現出攻擊行為，此一攻擊行為最適合以下列何種現象來解釋？","外團體同質性","最終歸因偏誤","錯覺相關現象","代罪羔羊","代罪羔羊","代罪羔羊理論(Scapegoating)指個體受挫後，將攻擊轉向較弱勢或無反擊能力的第三方，而非挫折來源。","攻擊行為,偏見,代罪羔羊"
"choice","108-1","諮商的心理學基礎","若想降低孩子的攻擊行為，下列何者最難產生效果？","鼓勵孩子從事拳擊競賽，在競賽中發洩挫折感","做個好模範，不在孩子面前表現攻擊行為","限制孩子玩有攻擊和暴力的電玩","鼓勵孩子對他人發揮同理心","鼓勵孩子從事拳擊競賽，在競賽中發洩挫折感","心理學研究多不支持「宣洩說」(Catharsis)。表現攻擊行為(如打拳)反而可能強化攻擊連結或喚起生理激發，未能有效降低攻擊。","攻擊行為,宣洩,情緒調節"
"choice","108-1","諮商的心理學基礎","下列何者不是訊息式社會影響(informational social influence)的例子？","你是大學三年級學生，詢問教授有關下學期修課事宜","你換了新造型上學，你認為這樣穿會讓大家更喜歡你","你到新工作上班，突然警報器響起，你看周圍同事想知道該如何做","你參加路跑，因為不熟悉路線，在岔路時停下來看其他人往那跑","你換了新造型上學，你認為這樣穿會讓大家更喜歡你","B是為了獲得社會接納或喜愛，屬於「規範性社會影響」(Normative Social Influence)。其他選項都是因為資訊不足而參考他人，屬訊息式影響。","社會影響,從眾"
"choice","108-1","諮商的心理學基礎","下列何者狀況說明了集體心因性疾病(mass psychogenic illness)？","當你閱讀醫學雜誌後，你懷疑自己得了好幾種疾病","過去幾週，你學校宿舍越來越多人感到頭暈和想吐，但都檢查不出生理問題","某人大喊「虎頭蜂」，造成群眾恐慌","你的朋友得了大腸癌，你也覺得自己不對勁，好像也得了大腸癌","過去幾週，你學校宿舍越來越多人感到頭暈和想吐，但都檢查不出生理問題","集體心因性疾病指群體中出現相似生理症狀，但無器質性病因，常由心理壓力或暗示擴散造成。","集體心因性疾病,暗示,壓力"

"essay","108-1","諮商與心理治療理論","人際歷程取向治療用三個核心概念來理解案主，並引導治療介入，包括歷程向度(the process dimension)、修正性情緒經驗(the corrective emotional experience)，以及案主反應的獨特性(client response specificity)。請解釋何謂人際歷程取向治療；以及論述歷程向度、修正性情緒經驗，以及案主反應的獨特性等內涵為何，並舉出案主與治療師的對話來說明之。","","","","","","【擬答重點】\n一、人際歷程取向治療 (Interpersonal Process Approach)：\n結合心理動力、人際關係與家庭系統理論，強調諮商關係即治療工具。諮商師利用當下的互動歷程（Here and Now）來協助個案覺察人際模式，並在安全的關係中嘗試新行為。\n\n二、核心概念內涵與對話：\n1. 歷程向度 (The Process Dimension)：\n   - 內涵：指治療師與個案「當下」的互動關係與動力，而非僅討論過去或外在事件（內容）。\n   - 對話：\n     C：「沒人懂我，大家都覺得我很煩。」\n     T：「當你現在這樣告訴我時，你也擔心我會覺得你很煩嗎？」（將焦點拉回當下關係）\n\n2. 修正性情緒經驗 (Corrective Emotional Experience)：\n   - 內涵：個案在治療中重現過去的人際衝突或焦慮，但治療師給予不同於過往重要他人的回應（如接納而非拒絕），從而修復舊有創傷。\n   - 對話：\n     C：「我這次考試考砸了，你一定很失望。」\n     T：「我並不會因為你的表現而失望，我更關心你現在的感受。」（提供新的、安全的反應）\n\n3. 案主反應的獨特性 (Client Response Specificity)：\n   - 內涵：治療師需針對不同個案的特質、問題與反應風格，量身訂做介入方式，無單一標準做法。\n   - 對話：\n     對於依賴型個案，T可能鼓勵其獨立：「你想想看這件事可以怎麼做？」\n     對於疏離型個案，T可能更主動表達關懷：「我感覺到你剛剛似乎有些退縮。」","人際歷程取向,歷程向度,修正性情緒經驗,案主反應獨特性,Edward Teyber"
"essay","108-1","諮商與心理治療理論","舉例說明心理治療的醫病模式(medical model)與以正向心理學為基礎的正向心理治療(positive psychotherapy)模式如何解釋一個人的適應不良，其各自關注的焦點又為何。正向心理治療的基礎之一是建立在當代正向心理學之父賽利格曼(Seligman) PERMA理論，請說明P、E、R、M、A各代表什麼幸福感(well-being)的內涵，並說明正向心理治療的治療步驟，以及如何應用PERMA在治療實務中。","","","","","","【擬答重點】\n一、模式比較：\n1. 醫病模式：\n   - 解釋適應不良：視為病理現象、症狀或功能失調，源自生理缺陷、創傷或潛意識衝突。\n   - 焦點：診斷、症狀消除、修補缺陷 (Fixing what is wrong)。\n2. 正向心理治療：\n   - 解釋適應不良：視為優勢運用不足或缺乏幸福感要素，關注人的成長潛能。\n   - 焦點：幸福感(Well-being)、優勢(Strengths)、美德 (Building what is right)。\n\n二、PERMA 理論內涵：\n1. P (Positive Emotion)：正向情緒，如快樂、感恩。\n2. E (Engagement)：全心投入，進入心流(Flow)狀態。\n3. R (Relationships)：正向人際關係，感受愛與被愛。\n4. M (Meaning)：生命意義，隸屬於比自我更大的目標。\n5. A (Accomplishment)：成就感，追求目標與掌握感。\n\n三、治療步驟與應用：\n1. 步驟：包含評估優勢、探索缺乏幸福感的領域、練習正向介入技術（如感恩拜訪、三件好事）。\n2. 應用：引導個案辨識標誌性優勢(Signature Strengths)，並在生活(PERMA各面向)中創造性地運用這些優勢來解決問題或提升滿足感。","醫病模式,正向心理治療,PERMA,Seligman,幸福感"
"choice","108-1","諮商與心理治療理論","諮商心理師為個案福祉最佳考量所採取的倫理取向，下列敘述何者正確？","正向倫理(positive ethics)","強制性倫理(mandatory ethics)","恐懼式倫理(fear-based ethics)","關注式倫理(concern-based ethics)","正向倫理(positive ethics)","正向倫理(Positive Ethics)又稱渴望倫理，強調諮商師應追求最高的道德標準與個案最大福祉，而非僅是避免觸犯法規(強制性倫理)。","諮商倫理,正向倫理"
"choice","108-1","諮商與心理治療理論","在諮商關係中，諮商心理師對於自己的價值觀應採取下列何種態度？","雖然不能做到完全中立，但應致力於避免價值觀的影響","諮商既是一種學習的過程，就應盡量發揮價值觀的影響力","可透過適度引導與說服，讓個案心悅誠服地接受其影響","為了建立良好的諮商關係，諮商心理師應盡可能揭露自己的價值觀","雖然不能做到完全中立，但應致力於避免價值觀的影響","諮商師應維持價值中立(Value Neutrality)的態度，覺察自身價值觀並避免強加於個案，讓個案保有自主權(Autonomy)。","價值觀,諮商關係,價值中立"
"choice","108-1","諮商與心理治療理論","Gerald Corey(2016)認為諮商與心理治療未來可能有數種型態的發展趨勢，不包括下列何者？","技術整合(technical integration)","理論整合(theoretical integration)","共同因素取向(common factors approach)","特殊因素取向(specific factors approach)","特殊因素取向(specific factors approach)","心理治療整合運動的四大途徑通常指：技術折衷、理論整合、共同因素、以及同化整合(Assimilative integration)。特殊因素非主要整合趨勢。","諮商趨勢,理論整合,Gerald Corey"
"choice","108-1","諮商與心理治療理論","下列對諮商理論與技術的配對，何者正確？①女性主義治療與自我揭露 ②森田療法與日記 ③結構派家族治療與家庭雕塑","僅13","僅②③","僅12","123","僅12","①正確(賦權)；②正確(日記指導)；③錯誤，家庭雕塑(Family Sculpting)主要由薩提爾(Satir, 經驗取向)提出，非結構派。","諮商技術,女性主義,森田療法,家庭雕塑"
"choice","108-1","諮商與心理治療理論","依據 Freud 的觀點，神經質焦慮主要是對何者的害怕？","本我的失控","自我的失能","超我的失效","自體的解組","本我的失控","神經質焦慮(Neurotic Anxiety)源自於擔心本我(Id)的衝動失控而導致受罰；現實焦慮來自外在威脅；道德焦慮來自超我。","Freud,精神分析,焦慮"
"choice","108-1","諮商與心理治療理論","以主觀或客觀方式看待夢中影像是榮格(Jung)學派夢的解析之特色。比較主觀分析與客觀分析，下列敘述何者正確？","主觀分析視夢中人物為夢中人物自身","客觀分析視夢中人物為夢者的部分","夢中人物對夢者來說很重要時，主觀分析通常很合適","夢的成分具有主題時，進行客觀分析將會有幫助","夢的成分具有主題時，進行客觀分析將會有幫助","主觀分析視夢中人事物為做夢者內在人格的投射；客觀分析視其為真實的外在人事物。當夢與現實人際直接相關時(客觀)，或具普遍主題時，客觀分析有幫助。","Jung,解夢,主觀分析"
"choice","108-1","諮商與心理治療理論","想要掌握精神分析模式對行為的理解方式，必先掌握下列何種核心概念所扮演的角色？","焦慮","潛意識","自我防衛機轉","人格結構","潛意識","潛意識(Unconscious)是精神分析的核心，認為大部分行為受潛意識慾望與衝突驅動。","精神分析,潛意識,Freud"
"choice","108-1","諮商與心理治療理論","阿德勒以作曲家風格的譬喻提及：「每個段落都會告訴我們同一個方向，指向同一種動機、同一種旋律……」，這表達了阿德勒治療中的那一個主張？","行為與內在需求相呼應","與社會連結的重要性","每個人有其生活型態","強調人格的成長與功能","每個人有其生活型態","這段話描述了「生活型態」(Lifestyle)的一致性與整體性，即個人所有行為都指向同一個虛構最終目標。","Adler,生活型態,整體觀"
"choice","108-1","諮商與心理治療理論","阿德勒取向強調出生序對個人的影響，若是一個有三個孩子的家庭，老大比老二大2歲，老二比老三大10歲，則此家庭星座可能為？","老大、排行中間的孩子、老么","老大、老二、老么","老大、老么、獨子","老大、排行中間的孩子、獨子","老大、老么、獨子","老二與老三相差10歲，心理距離過大，老三在心理上會像「獨子」般成長；前兩個孩子年齡相近，構成老大與老二(或心理上的老么)的關係。選C或D視分類法，題意中C較符合心理出生序組合(老大+老么群組 & 獨子)。正確答案C imply前兩者為一組(老大/老么)，老三為獨子。","Adler,出生序,家庭星座"
"choice","108-1","諮商與心理治療理論","關於阿德勒對幼年時期經驗的看法，下列敘述何者正確？","與現在諮商議題沒有關係","個案對這些經驗的態度、想法比真實性重要","被動地塑造我們","決定人的一生且無法改變","個案對這些經驗的態度、想法比真實性重要","Adler強調現象學觀點，認為客觀事實不如個人對事件的「詮釋」(主觀知覺)重要。","Adler,早期記憶,現象學"
"choice","108-1","諮商與心理治療理論","下列那一個治療學派最不強調治療技術的運用？","存在主義治療","行為治療","現實治療","完形治療","存在主義治療","存在主義治療被視為一種哲學取向的諮商「態度」而非技術集，強調此時此刻的真誠相遇與同在，而非依賴特定技術。","存在主義治療,治療技術"
"choice","108-1","諮商與心理治療理論","關於存在主義心理治療對焦慮的觀點，下列何者正確？","正常焦慮常常無法被個體察覺，卻使其產生無力感","神經質焦慮是個體面對事情時的一般反應，有可能是改變的動力","正常焦慮提供個體面對死亡、責任及選擇等生命難題之機會","神經質焦慮通常不具壓抑性，對個體有好處","正常焦慮提供個體面對死亡、責任及選擇等生命難題之機會","存在主義區分正常焦慮(面對存在既定事實的適當反應，成長動力)與神經質焦慮(反應過度或壓抑，阻礙成長)。","存在主義,焦慮"
"choice","108-1","諮商與心理治療理論","下列何者不是個人中心治療法認為之導致個案改變的必要與充分條件？","無條件正向關注或接納","一致與真誠","心理接觸","傾聽的技術","傾聽的技術","Rogers提出的六項核心條件(包含心理接觸、一致性、無條件正向關懷、同理心等)是態度的展現，「技術」本身不是核心條件。","Rogers,個人中心,核心條件"
"choice","108-1","諮商與心理治療理論","關於個人中心治療法的治療目標之敘述，下列何者錯誤？","治療目標在於催化個案的改變","治療目標著重於個案的獨立性和自我統整","治療目標在於解決個案當下所面臨的問題","治療目標在提供一種氣氛，以幫助個案成為發揮功能的人","治療目標在於解決個案當下所面臨的問題","個人中心治療的目標是協助「人」的成長(成為全人)，而非解決特定的「問題」。","Rogers,個人中心,治療目標"
"choice","108-1","諮商與心理治療理論","關於完形取向夢工作的描述，下列何者正確？","夢者透過演出夢境，詮釋和分析夢境的表徵意義","夢境出現的訊息都是內在自我的表徵","把夢當成腳本，分析夢中每個角色的對話內容或對立部分的意義","夢是接觸個人潛意識最佳的材料","夢境出現的訊息都是內在自我的表徵","完形治療認為夢是通往整合的皇道(Royal road to integration)，夢中每個部分(人、物)都是做夢者投射出去的自我部分。不主張分析，而是演出與重驗。","完形治療,解夢,投射"
"choice","108-1","諮商與心理治療理論","小美經常覺得孤單，跟別人有距離感。但是每當別人想要幫忙她時，她卻總是說：「我可以自己來。」以完形治療的觀點來看，小美跟他人的互動出現下列那一種抗拒接觸的現象？","內射(introjection)","投射(projection)","回射(retroflection)","折射(deflection)","回射(retroflection)","回射指將原本想對他人做的事或希望他人對自己做的事，轉回對自己做。小美渴望連結(希望他人做)卻轉為自己來(對自己做)，阻斷了接觸。","完形治療,接觸界線干擾,回射"
"choice","108-1","諮商與心理治療理論","完形治療的目標之一在於協助個案達到覺察。對於覺察，下列敘述何者正確？","覺察不包括對環境的理解","覺察本身即具有療效","個案留在覺察中，與未竟事物的浮現並沒有任何關係","覺察的發生並不需要諮商心理師與個案之間真誠的互動關係","覺察本身即具有療效","Perls認為全神貫注的覺察(Awareness per se)本身就是治療性的，能促進整合與改變。","完形治療,覺察"
"choice","108-1","諮商與心理治療理論","關於現實治療諮商心理師訂定行為計畫時的注意事項，下列敘述何者正確？","強調做得到的具體目標","具體列出做不到的行為","執行責任在個案及其重要他人身上","鼓勵個案執行，但不在意未執行的後果","強調做得到的具體目標","WDEP系統中的計畫(Plan)強調SAMIC原則：簡單(Simple)、可得(Attainable)、可測量(Measurable)、立即(Immediate)、可控(Controlled by client)。","現實治療,WDEP,計畫"
"choice","108-1","諮商與心理治療理論","WDEP 系統能用來幫助人們滿足基本需求，下列說明何者錯誤？","W代表個案所處的世界","D代表個案所做的事","E是個案對自己的評估","P代表計畫和行動","W代表個案所處的世界","W代表 Wants (需求/想要的東西)，而非 World。D=Doing, E=Evaluation, P=Plan。","現實治療,WDEP"
"choice","108-1","諮商與心理治療理論","下列何者並非行為治療學派的主要概念？","有系統運用實驗結果衍生的學習原理，幫助個案適應不良行為","透過完整的功能評估，界定問題的持續條件","行為治療目標在於提升個案的技巧，使其有更多的反應選項","行為分析的ABC模式中，B代表信念(beliefs)","行為分析的ABC模式中，B代表信念(beliefs)","在傳統行為分析(Behavior Analysis)中，ABC代表Antecedent(前因), Behavior(行為), Consequence(後果)。B代表Belief是理情行為治療(REBT)的概念。","行為治療,ABC模式,功能評估"
"choice","108-1","諮商與心理治療理論","某諮商心理師以系統減敏感法協助學生放鬆身體，克服考試焦慮。這是應用下列那一種方法？","社會學習的觀察學習","古典制約的交互抑制","操作制約的增強原理","操作制約的削弱原理","古典制約的交互抑制","系統減敏感法(Systematic Desensitization)基於古典制約的「交互抑制」(Reciprocal Inhibition)原理，即利用放鬆反應來抑制焦慮反應。","行為治療,系統減敏感法,古典制約"
"choice","108-1","諮商與心理治療理論","曉華很討厭從刺耳的鬧鐘聲中醒來，所以她自我訓練讓自己能在鬧鐘鈴響之前起床，以避免聽到刺耳的聲音。請問曉華是運用那一項行為法則？","負增強作用","正增強作用","削弱作用","懲罰作用","負增強作用","負增強(Negative Reinforcement)指透過移除厭惡刺激(刺耳鬧鐘聲)來增加行為(準時起床)發生的頻率。此為「迴避學習」(Avoidance Learning)。","操作制約,負增強"
"choice","108-1","諮商與心理治療理論","REBT 諮商心理師使用駁斥(disputing)技術挑戰個案的非理性信念，下列要素何者錯誤？","發現(detecting)","爭辯(debating)","分辨(discriminating)","答辯(defending)","答辯(defending)","REBT的駁斥(D)過程包括：偵測(Detecting)非理性信念、辯論(Debating)信念的真偽、分辨(Discriminatng)理性與非理性信念。Defending非此過程要素。","REBT,駁斥"
"choice","108-1","諮商與心理治療理論","根據 Aaron Beck 的認知治療觀點，「不是……就是」是屬於那一種認知扭曲？","錯誤標籤化(mislabeling)","極端化思考(polarized thinking)","個人化(personalization)","獨斷的推論(arbitrary inference)","極端化思考(polarized thinking)","「不是……就是」(All-or-nothing)屬於二分法或極端化思考(Polarized thinking)。","CBT,認知扭曲,Beck"
"choice","108-1","諮商與心理治療理論","下列何者不是Beck等人(1979)針對治療棘手或有治療失敗經驗之個案所提供的指導方針？","對個案抱持著他就是(being)問題，而非他有(having)問題","諮商心理師辨識自身是否有功能失調的認知","諮商心理師隨時保持問題解決的態度","諮商心理師保持樂觀正向的態度","對個案抱持著他就是(being)問題，而非他有(having)問題","治療師應將問題與人分開(個案「有」問題)，而非將個案標籤化為問題本身。A選項違反人本與治療原則。","CBT,治療關係,Beck"
"choice","108-1","諮商與心理治療理論","最早使用家庭圖的是下列那位家庭治療師？","Bowen","Satir","Minuchin","Haley","Bowen","家庭圖(Genogram)是Murray Bowen多世代家庭治療的核心工具，用於評估跨代動力。","家庭治療,Bowen,家庭圖"
"choice","108-1","諮商與心理治療理論","關於 Satir 和Bowen 觀點的共同點，下列敘述何者正確？","均檢視三代家庭生活","均強調家庭成員之間的溝通","均強調家庭治療可以提高家庭的成長潛能","均關注家庭溝通中是否出現「雙重束縛」現象","均檢視三代家庭生活","Bowen學派重視跨代傳遞(至少三代)；Satir模式也會探索原生家庭圖(三代)的影響。溝通是Satir重點，但Bowen更重分化；雙重束縛是策略派/米蘭學派早期概念。","家庭治療,Satir,Bowen"
"choice","108-1","諮商與心理治療理論","在一個家庭中，誰負責管錢，誰負責做家事，誰負責做決定，反映的是關係中的下列那項議題？","界限","權力","溝通","互動","權力","家庭中的決策權與資源分配反映了家庭的權力結構(Power)。","家庭治療,權力結構"
"choice","108-1","諮商與心理治療理論","下列那個家庭治療學派認為助人者的角色與功能像個「友善的大叔」，彷彿一個舞台導演般，促進家庭的改變？","結構取向","經驗取向","多世代取向","人性效能歷程取向","結構取向","Minuchin(結構派)常被描述為主動、指導性強的「導演」，在加入(Joining)階段展現親和力(友善大叔)以進入系統，隨後挑戰並重組結構。","家庭治療,結構派,Minuchin"
"choice","108-1","諮商與心理治療理論","Carl Whitaker的經驗取向家族治療傾向運用治療師的直覺以及治療師本身的資源，其特性在於治療師能夠治療性地使用下列何種介入方式？","移情","反移情","觀察回饋","同理反應","反移情","Whitaker強調治療師利用自身的感覺與瘋狂(利用反移情)作為治療工具，藉此擾動家庭系統。","家庭治療,經驗取向,Whitaker"
"choice","108-1","諮商與心理治療理論","女性主義挑戰下列那些性別角色的假設？①性別中心②互動論 ③內在心理取向 ④決定論","僅134","僅②③④","僅123","1234","僅134","女性主義挑戰傳統心理學的：性別中心(Androcentrism)、內在心理歸因(Intrapsychic orientation, 忽視環境)、決定論(Determinism)。互動論通常是女性主義支持的觀點(人與環境互動)。","女性主義治療,批判"
"choice","108-1","諮商與心理治療理論","關於 Worell 與Remer 所提出之女性主義理論建構的特色，下列敘述何者正確？","性別中立論(gender-fair)對男性與女性間之差異抱持不批評、評價之中立立場","彈性-多元文化論(flexible-multicultural)主張隨年齡、性別、種族等因素而改變其概念及策略之應用","互動論(interactionist)著重於人類經驗中單一思考層面與環境、脈絡之連結與互動","全人發展論(life-span perspective)認為人類人格、行為隨發展歷程而變化","全人發展論(life-span perspective)認為人類人格、行為隨發展歷程而變化","Gender-fair指解釋行為時避免性別偏見；Flexible-multicultural指適用不同群體；Interactionist指思考、感受、行為與環境的互動。D敘述正確。","女性主義治療,Worell & Remer"
"choice","108-1","諮商與心理治療理論","關於女性主義治療關係，下列敘述何者錯誤？","諮商心理師如同個案的導師，賦能個案挑戰其弱勢的處境","承認治療關係本身即具有權力的差距","諮商心理師並不採取價值中立的立場","諮商心理師和個案共同討論診斷標籤的涵義","諮商心理師如同個案的導師，賦能個案挑戰其弱勢的處境","女性主義強調「平等」的關係(Egalitarian relationship)，諮商師不是高高在上的權威或導師，而是合作夥伴。","女性主義治療,治療關係"
"choice","108-1","諮商與心理治療理論","關於多元文化諮商的觀點，下列敘述何者錯誤？①進行文化認同的概念化之前，宜先以對方的種族、族裔、國籍等特徵，視為最有意義的面向來接觸②在對個案及其系統進行衡鑑、診斷與處遇時，應考量個案文化比較歸屬個人主義或集體主義，並努力側重以求貼近③「微觀歧視」(microaggression)是指諮商心理師否認種族或其他型式的歧視","僅①②","僅②③","僅13","123","123","①錯在預設特定特徵最有意義(應探索)；②錯在二分法與過度簡化；③微觀歧視通常指無意間流露出的貶低或冒犯，而非「否認歧視」本身(雖然否認也是一種防衛)。選項設計看起來是選錯誤組合，依答案D，全錯。","多元文化諮商,微觀歧視"
"choice","108-1","諮商與心理治療理論","諮商心理師引導個案練習專注於呼吸，覺知進出鼻孔的氣息，若有雜念出現，不評價地將注意力帶回呼吸，讓妄念止息，此治療方法為下列何者？","止觀禪修","森田療法","身體心理治療","存在治療","止觀禪修","描述的是正念/止觀(Mindfulness/Vipassana)的典型練習：專注呼吸(止)與不評價覺察(觀)。","正念,止觀,心理治療"
"choice","108-1","諮商與心理治療理論","關於焦點解決短期治療「晤談結束前的回饋」(end-of-session feedback)，下列原則何者正確？ ①考量晤談中的資訊提供什麼訊息來設定底線 ②將晤談中的資訊予以組合，以突破個案的參照架構 ③藉由了解個案想要什麼、對目標構成的完善程度，及例外是否存在及其類型來形成回饋","僅13","僅②③","僅①","123","僅13","SFBT的回饋包括讚美(Compliments)、橋樑(Bridge)與任務(Task)。③正確。①設定底線(boundaries)不是主要目的，但根據個案類型(顧客/抱怨者)設定任務是重點，若解釋為根據資訊設定「介入底線」勉強通。但②「突破」參照架構是結構/策略派用語，SFBT重「利用」與「順勢」，非突破。對照答案A(僅13)，顯示①被視為正確。","SFBT,回饋"
"choice","108-1","諮商與心理治療理論","關於焦點解決短期治療的諮商關係，下列敘述何者錯誤？","諮商關係的品質與治療效果不存在必然的關連","諮商心理師採取「未知之姿」(not knowing)，不會假定自己知道個案經驗的意涵","諮商一開始是抱怨者或觀光客型態的諮商關係，將有機會轉變成顧客型態的諮商關係","如果沒有清楚理解個案的喜好、目標與期望，可能會造成諮商心理師與個案之間的鴻溝","諮商關係的品質與治療效果不存在必然的關連","所有學派都承認諮商關係(Alliance)是療效的重要預測因子，SFBT亦重視與個案的合作關係。","SFBT,諮商關係"
"choice","108-1","諮商與心理治療理論","敘事治療諮商心理師對於自己和困擾問題常混淆在一起的個案，較不會用下列何種方式處理？","透過問題外化","對個案生命經驗的分析","詢問個案的問題","解構個案的敘說","對個案生命經驗的分析","敘事治療強調「外化」(Externalization)、「解構」(Deconstruction)，將人與問題分開。它不進行傳統精神分析式的「分析」(Analysis)或診斷個案的生命經驗，而是共同重寫(Re-authoring)。","敘事治療,外化"
"choice","108-1","諮商與心理治療理論","關於兒童中心學派遊戲治療，下列遊戲治療師的口頭回應何者最不適當？","我看到你很生氣的在捶打它(小熊)","你很在乎我怎麼想","我們一起來玩扮家家酒吧","感覺你有些擔心不知道從那兒開始玩","我們一起來玩扮家家酒吧","兒童中心遊戲治療(CCPT)強調非指導性(Non-directive)，C選項是由治療師主導遊戲內容，違反原則。A、B、D皆為追蹤行為、反映情感或意義的適當回應。","遊戲治療,兒童中心,非指導性"
"choice","108-1","諮商與心理治療理論","關於藝術治療中諮商心理師的藝術評估，下列敘述何者正確？","藝術治療中的藝術評估和使用藝術的心理衡鑑相同","藝術治療主要目的是蒐集資料，執行鑑別診斷","在評估過程中會請個案完成一連串如三到五張的作品","諮商心理師不使用繪畫測驗對個案進行評估","在評估過程中會請個案完成一連串如三到五張的作品","藝術治療評估(如DDS)常包含一系列主題畫作。藝術治療更重視創作歷程與個人意義，非僅止於診斷(B)或標準化測驗(A)。","藝術治療,評估"

"essay","108-1","諮商與心理治療實務與專業倫理","張心理師從大學起即開始經營自己的部落格，也加入facebook、Instagram等社交網站，他經常會在網路上分享個人的生活經驗或抒發工作感想，也常拜訪知名景點時就按讚打卡，記錄各種旅遊見聞。某日張心理師上網時，接收到個案發出邀請他加入好友的訊息，第一次他選擇略過，但是隔幾天又再度收到個案發出加入好友的邀請。請回答：(一)你認為心理師加入社群網站對其諮商工作可能造成那些影響？(二)如果你是張心理師，你會如何處理個案邀請你加入好友的訊息？","","","","","","【擬答重點】\n一、加入社群網站對諮商工作之影響：\n1. 專業界線模糊：心理師的私人生活（如旅遊、心情）暴露於個案面前，可能破壞專業角色的中立性與神祕感。\n2. 雙重關係風險：社群互動可能發展出諮商以外的社交關係，違反倫理。\n3. 移情與反移情干擾：個案可能根據貼文產生不當想像或投射；心理師亦可能受個案網路動態影響。\n4. 隱私與保密疑慮：若未妥善設定隱私，可能無意間洩露個案資訊或被個案肉搜。\n\n二、處理個案好友邀請之策略：\n1. 堅守界線：不接受個案的交友邀請，以維持專業關係的純粹性。\n2. 諮商中討論：在下一次晤談中主動與個案討論此事，同理其被拒絕的感受（如受傷、被拒感），並以此為契機探索個案的人際需求或依附議題。\n3. 說明倫理規範：溫和且堅定地向個案說明「社群媒體政策」及諮商倫理對雙重關係的限制，澄清這是為了保護個案的福祉與隱私，而非拒絕其個人。","社群媒體,諮商倫理,雙重關係,界線,隱私"
"essay","108-1","諮商與心理治療實務與專業倫理","個案是一位小五男生，單親家庭。晤談過程中，諮商心理師發現案父經常酗酒，酒醉後常半夜把個案叫醒訓話，一罵就是好幾個小時。個案稍有不從之行為，動輒用皮帶或棍棒毆打個案，個案對父親極為害怕。放學後個案經常藉故逗留學校，並要諮商心理師不要告訴別人有關父親施暴的行為，以免父親生氣處罰他。請回答：(一)案父的虐待行為對個案可能造成那些影響？(二)如果你是諮商心理師，你會如何介入輔導受虐的個案？","","","","","","【擬答重點】\n一、虐待行為對個案之影響：\n1. 身體層面：身體傷害、疼痛、睡眠剝奪（半夜訓話）、發育受阻。\n2. 心理情緒：極度恐懼、焦慮、憂鬱、低自尊、無助感（Learned Helplessness）、創傷後壓力反應（PTSD）。\n3. 行為層面：逃避回家（逗留學校）、退縮、過度順從或潛在攻擊性。\n4. 人際與信任：難以信任權威或成人，在人際關係中缺乏安全感。\n\n二、介入輔導策略：\n1. 安全為首要（通報責任）：依《兒童及少年福利與權益保障法》需在24小時內進行責任通報，並告知個案通報是為了保護他而非處罰，與社工合作評估安全性。\n2. 建立安全關係：提供無條件接納與安全的諮商環境，安撫個案對通報的恐懼，建立信任。\n3. 創傷修復：運用遊戲治療或創傷知情照護，協助宣洩情緒、處理恐懼，重建控制感與自我價值。\n4. 系統合作：與學校導師、社工、家屬（若有其他支持資源）合作，建構安全防護網。","兒少保護,責任通報,家暴,創傷,諮商介入"
"choice","108-1","諮商與心理治療實務與專業倫理","下列那一個敘述，最符合角色滑動(role slippage)的現象？","小華同時在多個機構擔任諮商心理師，因案量多導致身心俱疲，進而影響諮商服務的品質","小華在一個機構同時擔任諮商心理師與督導，而出現權責混亂的情況","小華與其個案都是健康政策委員會的委員，小華在諮商時與其個案討論委員會的議案","小華在一個機構同時擔任諮商心理師與倫理申訴委員會的召集人","小華與其個案都是健康政策委員會的委員，小華在諮商時與其個案討論委員會的議案","角色滑動指諮商師無法維持專業界線，滑入其他角色（如朋友、同事）。C選項中諮商師在治療時間討論公務，從治療者滑動為「委員同事」，模糊了專業界線。","角色滑動,界線,雙重關係"
"choice","108-1","諮商與心理治療實務與專業倫理","關於知後同意，下列敘述何者正確？","與法院轉介接受強制性諮商的個案諮商時，因其已被剝奪自主權，所以無須進行知後同意","未成年個案進行知後同意的對象是監護人，因此諮商心理師不需關注個案是否瞭解其在諮商中的權利與義務","因發展障礙而明顯能力受限的個案，雖由法定代理人為其行使知後同意權，但他們仍有權利參與諮商中的任何決策","諮商心理師與身處危機的個案第一次晤談時，即使時間緊迫仍要完整與詳細地解釋所有的內容","因發展障礙而明顯能力受限的個案，雖由法定代理人為其行使知後同意權，但他們仍有權利參與諮商中的任何決策","知後同意應考量個案的理解能力。即使法定權利在監護人，仍應以個案能理解的方式說明並取得其「贊同」(Assent)，尊重其參與權。D在危機時應以處理危機優先，知後同意可適度簡化或後補。","知後同意,倫理,兒童諮商"
"choice","108-1","諮商與心理治療實務與專業倫理","一位國中的駐校諮商心理師這學期預定要帶領一個國二學生的情緒管理團體。下列敘述何者錯誤？","諮商心理師雖然無法保證每個成員都會遵守保密原則，但還是要仔細說明保密的內涵與例外","諮商心理師與每一位團體成員都共同負有保密的倫理與法律責任","諮商心理師必須在團體開始前取得監護人的知後同意，也必須讓監護人知道其只能詢問關於自己孩子的訊息","小安是因為霸凌行為被校方轉介的成員，諮商心理師必須詳細為小安說明他在團體中的行為與後續學校決定懲處之間的關聯性","諮商心理師與每一位團體成員都共同負有保密的倫理與法律責任","團體成員（學生）並非專業人員，不具備法律上的保密責任（雖有道德/團體規範要求），故「共同負有法律責任」之敘述錯誤。","團體諮商,保密,倫理"
"choice","108-1","諮商與心理治療實務與專業倫理","個案對於諮商心理師的建議沒有加以檢視而完全接受，請問個案是屬於下列那一種接觸界限困擾？","投射(projection)","内射(introjection)","回射(retroflection)","折射(deflection)","内射(introjection)","內射指不加思索、未經消化地吸收來自他人的價值觀或信念。全盤接受諮商師建議即為典型內射。","完形治療,接觸界線,內射"
"choice","108-1","諮商與心理治療實務與專業倫理","依據學生輔導法，下列敘述何者錯誤？","三級輔導工作的順序是發展性、處遇性及介入性","學生輔導工作委員會是學校輔導工作最高的決策單位","全校教師均有輔導之責","學校應提供持續性轉銜輔導","三級輔導工作的順序是發展性、處遇性及介入性","三級輔導正確順序為：發展性（初級）、介入性（二級）、處遇性（三級）。題目敘述順序有誤。","學生輔導法,三級輔導"
"choice","108-1","諮商與心理治療實務與專業倫理","依據學生轉銜輔導及服務辦法，下列敘述何者正確？","評估會議由輔導主任擔任主席","原就讀學校應將轉銜學生之輔導資料上傳至通報系統","原就讀學校應於轉銜學生離校後，持續追蹤6個月","高關懷學生之家長、監護人或其他法定代理人不得參加評估會議","原就讀學校應於轉銜學生離校後，持續追蹤6個月","依規定，原校應持續追蹤輔導至少6個月（C正確）。評估會議主席通常為校長或指定人員；家長應被邀請參與。","轉銜輔導,學生輔導法"
"choice","108-1","諮商與心理治療實務與專業倫理","撰寫諮商紀錄須同時符合專業與法律要求，從法律層面觀之，下列敘述何者最不適當？","不佳的紀錄與不當保存可能被指控為不當執業，因此撰寫紀錄時愈詳盡愈好","進行伴侶或家族諮商時，伴侶或所有家庭成員被視為一個系統，因此只要保存單一份紀錄即可","進行諮商服務後應儘快完成紀錄並存放到檔案櫃裡，其紀錄歸檔後應永遠不被更動或竄改","進行團體諮商紀錄，最好針對各成員分別做紀錄並分別保存，以確保在不得不揭露其中一位成員的資料時，不會損及其他成員的保密性","不佳的紀錄與不當保存可能被指控為不當執業，因此撰寫紀錄時愈詳盡愈好","從法律風險管理角度，紀錄應簡明扼要(Concise)，僅記錄必要資訊。過於詳盡（逐字稿式）反而可能增加被誤解或洩露隱私的風險，並非「愈詳盡愈好」。","諮商紀錄,法律倫理,風險管理"
"choice","108-1","諮商與心理治療實務與專業倫理","Perls 將神經質分為五個層次，為了能活出最真實的自己，個體最終必須達到下列那一個人格層次？","恐懼(phobic)","內爆(implosive)","僵局(impasse)","外爆(explosive)","外爆(explosive)","完形治療五層次：虛偽、恐懼、僵局、內爆、外爆。外爆層(Explosive)指能量被釋放，個體能真實表達情感並活在當下，是最終目標。","完形治療,Perls,神經質層次"
"choice","108-1","諮商與心理治療實務與專業倫理","關於實習諮商心理師的專業督導，下列敘述何者最不適當？","督導者兼具教導與評量的雙重角色","當督導者評估實習諮商心理師不適合接某一位個案時，建議轉介給適合的諮商心理師","實習諮商心理師除了接受機構專業督導外，宜另外付費聘請督導，以多元學習","督導者應建議實習諮商心理師廣泛學習專業理論知識","實習諮商心理師除了接受機構專業督導外，宜另外付費聘請督導，以多元學習","實習生通常不應私下付費聘請督導，這可能造成權責不清或雙重關係。機構應提供足夠督導資源。","諮商督導,實習倫理"
"choice","108-1","諮商與心理治療實務與專業倫理","依據學生輔導法第14條，初任學生輔導諮商中心的諮商心理師，至少需接受幾小時的職前基礎培訓課程？","10小時","20小時","30小時","40小時","40小時","依《學生輔導法》規定，初任專輔人員應接受40小時職前基礎培訓。","學生輔導法,職前培訓"
"choice","108-1","諮商與心理治療實務與專業倫理","關於角色扮演技術，下列敘述何者錯誤？","在進行角色扮演前要能瞭解所扮演者的觀點","Moreno 的心理劇認為角色扮演有三階段:暖身、演出與重新演出","諮商心理師須為個案創造安全的扮演情境","扮演者扮演時須保持客觀理性的態度","扮演者扮演時須保持客觀理性的態度","角色扮演強調情感的投入與體驗（Experience），而非保持客觀理性。參與者應展現角色的情緒與觀點。（註：B選項亦有疑義，但D更明顯違背技術精神）。","角色扮演,心理劇,Moreno"
"choice","108-1","諮商與心理治療實務與專業倫理","下列對於個案概念化的敘述何者正確？","初次晤談必須蒐集完整的個案資料，並做出正確的個案概念化","不同取向的諮商心理師，對問題的個案概念化觀點會不同","個案概念化形成後就不宜改變，以免影響後續處遇介入的效果","個案概念化應考量諮商心理師的取向，而非個案的問題性質和需求","不同取向的諮商心理師，對問題的個案概念化觀點會不同","個案概念化是動態的假設，會隨資料增加而修正（A、C錯）。它受治療師理論取向影響（如精神分析看童年，CBT看信念），故B正確。","個案概念化,理論取向"
"choice","108-1","諮商與心理治療實務與專業倫理","諮商心理師在會談過程中與個案一起探索，並跟隨其講述的各種不同回憶，目標在於從個案所呈現的多樣素材中覺察出整合性焦點(integrating focus)，作為治療之工作焦點。整合性焦點不包涵下列那項？","重複出現的精神疾病","重複出現的不合理或病理性的信念","重複的人際模式","反覆的某種情感議題","重複出現的精神疾病","整合性焦點（Integrating Focus）關注的是個案內在的動力模式，如核心信念（B）、人際型態（C）或情感主題（D），而非外在的診斷標籤或疾病（A）。","心理治療,整合性焦點"
"choice","108-1","諮商與心理治療實務與專業倫理","要求個案為治療歷程作承諾，可以減少有自殺傾向個案之自殺或自我毀滅行為，下列何者不是個案必須承諾的優先項目？","積極投入晤談","完成回家作業","與他人重建支持性關係","毫不隱瞞表達自己的想法和感受","與他人重建支持性關係","自殺危機處理的承諾首重「安全」與「治療參與」（如不自殺契約、準時出席、誠實報告），重建人際關係是治療目標，非初始的必要「承諾」事項。","自殺防治,治療承諾"
"choice","108-1","諮商與心理治療實務與專業倫理","諮商心理師：「最近這幾次諮商你常遲到，我想知道你對於來諮商的感覺是什麼？」這是屬於下列何種技巧？","挑戰","詮釋","立即性","洞察性的表露","立即性","立即性（Immediacy）指諮商師公開討論當下諮商關係中發生的狀況（如遲到），藉此修復關係或探索個案的人際模式。","諮商技術,立即性"
"choice","108-1","諮商與心理治療實務與專業倫理","諮商心理師：「我猜你在婚姻關係中的困難，似乎和你小時候父母間的衝突有關。」這是屬於下列何種技巧？","挑戰","立即性","洞察性的表露","詮釋","詮釋","詮釋（Interpretation）是諮商師對個案行為、情感或問題背後的潛在原因（如原生家庭影響）提出假設性的解釋。","諮商技術,詮釋"
"choice","108-1","諮商與心理治療實務與專業倫理","下列那種情況是運用情感反映的好時機？","個案過度禁止自己感覺快樂或悲傷時","諮商心理師缺乏處理情感錯亂個案的經驗時","個案因妄想或極度生氣，感到被情緒淹沒時","個案有自我傷害史，缺乏情緒管理技能時","個案過度禁止自己感覺快樂或悲傷時","情感反映能協助壓抑情感的個案接觸並覺察自己的情緒。若個案已被情緒淹沒（C）或有嚴重病理（D），單純反映可能無效或加劇不穩。","諮商技術,情感反映"
"choice","108-1","諮商與心理治療實務與專業倫理","個案在諮商一開始時就漫談15分鐘，並且沒有打算停止的跡象。下列諮商心理師的作法何者最不適當？","嘗試做摘要以整理個案的話題","打斷個案的談話，並詢問個案來談的目的","指出個案長時間的漫談讓自己感到疲倦難以承受","告訴個案若不能停止漫談，諮商心理師將結束談話","告訴個案若不能停止漫談，諮商心理師將結束談話","諮商師應透過摘要、聚焦或面質感協助個案停止漫談，而非帶有威脅性地揚言結束談話，這會破壞治療關係。","諮商技術,漫談處理"
"choice","108-1","諮商與心理治療實務與專業倫理","諮商心理師請個案自述專長或得意的事，個案認為騎腳踏車環島是唯一值得說的，下列諮商心理師的作法何者錯誤？","仍可引導個案探索完成這活動需要那些能力或技巧，可應用在未來的工作上","協助個案分辨完成這個活動所用到的能力或技巧，有那些是未來可能從事的行業所需要的","提醒個案這個活動雖然好玩也能強身，但無法為未來求職加分，仍需多努力取得其他專業證照","聽個案描述完成這個活動過程需克服的種種困難，可協助其面對未來工作的挑戰","提醒個案這個活動雖然好玩也能強身，但無法為未來求職加分，仍需多努力取得其他專業證照","諮商師應協助個案賦能，發掘經驗中的可轉移技能（Transferable skills），而非潑冷水否定其價值（C）。","生涯諮商,賦能"
"choice","108-1","諮商與心理治療實務與專業倫理","關於生涯諮商理論，下列敘述何者錯誤？","Parsons 特質因素論，強調人格特質、性向與需求","Holland 類型論，描述個人興趣與職業選擇行為之間的關係","Krumboltz 社會學習理論與Dawis 工作適應理論較偏重在解釋職業行為成因","Super 和 Ginzberg 都著重生涯發展階段，但是Ginzberg 較重視成年前期的發展","Krumboltz 社會學習理論與Dawis 工作適應理論較偏重在解釋職業行為成因","Krumboltz偏重學習經歷對選擇的影響（成因），但Dawis的工作適應論（TWA）偏重於個人與環境的互動「適配」及滿意度（維持），而非僅解釋成因。","生涯理論,Krumboltz,Dawis"
"choice","108-1","諮商與心理治療實務與專業倫理","關於生涯諮商的建構系統理論，下列技巧何者最不常使用？","階梯法","生涯選擇方格","畫出生命曲線","平衡單","畫出生命曲線","（註：此題答案依考選部為C，但學理上平衡單（Balance Sheet）屬理性決策，較非建構派。或許題目指特定理論脈絡下的技巧頻率。若依官方答案，生命曲線被視為最不常使用或不屬於該系統理論核心技巧）。","生涯諮商,建構論"
"choice","108-1","諮商與心理治療實務與專業倫理","下列何種生涯衡鑑工具可反映受測者人格深層結構並提供深度訊息，但解析費時？","刺激清楚、反應清楚","刺激清楚、反應模糊","刺激模糊、反應清楚","刺激模糊、反應模糊","刺激模糊、反應模糊","此特徵描述的是「投射測驗」（Projective Test），其特質為刺激模糊（Ambiguous stimuli），允許受測者自由投射（Ambiguous response），能探測深層結構但計分與解釋費時。","生涯衡鑑,投射測驗"
"choice","108-1","諮商與心理治療實務與專業倫理","個案正在畫畫，突然抬頭問諮商心理師：「我應該用什麼顏色畫這朵花呢？」下列諮商心理師的回應，何者最不適當？","「在這裡，你可以自己決定要用什麼顏色來畫這朵花。」","「你希望我告訴你，你應該用那一種顏色畫這朵花。」","諮商心理師悄悄的對個案說：「我應該要說什麼顏色呢？」","「紅色看起來很熱情，我想你用紅色來畫這朵花效果應該會不錯。」","「紅色看起來很熱情，我想你用紅色來畫這朵花效果應該會不錯。」","在藝術治療或諮商中，應鼓勵個案自主表達與投射，直接建議顏色（D）會干擾個案的內在歷程與投射意義。","藝術治療,自主性"
"choice","108-1","諮商與心理治療實務與專業倫理","七年級個案的父親常在酒後漫罵孩子或母親，導師找個案面談時，個案表示父親只是因為工作不順心而心情不好，只要父親不喝醉，其實是好人，導師很擔心個案會模仿父親的行為，找諮商心理師諮詢，下列諮商心理師的回應，何者最不適當？","個案的說法其實已經認同喝酒是一種舒壓方式，未來壓力大時，很可能會模仿父親","個案的說詞很可能是源自父親的說法，因酗酒者容易用責備別人的方式來推諉過錯","個案很可能以否認自己情緒感受的方式來面對這現象，怕自己有情緒反而帶來更大的麻煩","個案可能被教導不要相信有人可能幫得上忙，所以即使老師詢問了，也選擇避重就輕的說法","個案的說法其實已經認同喝酒是一種舒壓方式，未來壓力大時，很可能會模仿父親","A選項過度推論且帶有標籤化，忽略了個案可能是在使用「合理化」或「否認」防衛機制來維持對父親的依附，不代表他認同並會模仿該行為。","諮商諮詢,家暴,防衛機制"
"choice","108-1","諮商與心理治療實務與專業倫理","50 歲已婚男性抱怨對目前的工作不感興趣、對很多以前的嗜好都失去熱情，也找不到人生的意義。下列何者最有可能是個案的核心議題？","中年自我認同危機","問題解決的能力","人際因應模式","病態性信念","中年自我認同危機","50歲處於中年期，面對意義喪失、熱情減退，這是典型的「中年危機」或Erikson的「繁衍與停滯」議題，涉及自我認同的重整。","發展心理學,中年危機"
"choice","108-1","諮商與心理治療實務與專業倫理","關於諮商過程提及的靈性和宗教價值觀，下列敘述何者最適當？","此議題過於敏感，在心理諮商過程最好避免觸及，以免涉入價值觀的爭論","對某些個案來說，他們帶入治療中的此議題，可做為治療焦點的基礎","若個案提及此議題，最好的處理為將其轉介給宗教人士進行討論，這樣可避免產生誤導","心理諮商和宗教是衝突的議題，所以諮商心理師應分開處理","對某些個案來說，他們帶入治療中的此議題，可做為治療焦點的基礎","靈性與宗教是許多個案的重要支持資源與價值核心，諮商師應抱持開放態度，將其視為潛在的治療資源或焦點，而非迴避。","靈性諮商,多元文化"
"choice","108-1","諮商與心理治療實務與專業倫理","案家母女關係糾纏，衝突連連，無論母親說什麼，青春期的女兒都會回嘴；女兒不管做什麼，母親也總是不斷指責。下列何者是家族治療系統觀諮商心理師最適當的介入？","持續與女兒溝通","邀請導師加入，協助調解母女關係","進行母女親子代間界限的分化","單獨與母親進行親職教育","進行母女親子代間界限的分化","母女糾纏（Enmeshment）顯示界限不清，系統觀取向應致力於協助兩者建立適當的「界限」，促進個體化（Differentiation），而非僅處理單方。","家族治療,界限,分化"
"choice","108-1","諮商與心理治療實務與專業倫理","某位採用社區諮商模式的諮商心理師，與一位在校遭受霸凌而拒學的國一學生進行諮商。關於後續與該學生的諮商計畫，下列作為何者最不適當？","幫助個案瞭解學校有那些資源有助於他去處理被霸凌的議題","與輔導室或導師合作，召開個案會議，討論學校處理霸凌事件的機制","協助輔導室規劃班級輔導活動，幫助學生認識霸凌議題","幫助個案瞭解霸凌事件大多因為受害者的特質較溫和，特質改變後霸凌就會終止，因此進行自我肯定訓練","幫助個案瞭解霸凌事件大多因為受害者的特質較溫和，特質改變後霸凌就會終止，因此進行自我肯定訓練","D選項將霸凌歸咎於受害者特質（檢討受害者），忽略了霸凌的系統性因素。這可能加深個案自責，非適當介入。","校園霸凌,社區諮商模式"
"choice","108-1","諮商與心理治療實務與專業倫理","下列何者為學校場域工作的諮商心理師最不符合諮商倫理的作為？","基於系統合作之必要，轉介者對個案接受心理諮商的需求與期待是最重要的考量","個案陳述對導師的不滿，諮商心理師基於保密協定未向導師揭露","與涉入家暴的父母/監護人建立和維繫良好合作關係","主動教育家長與學校教職員有關尊重未成年個案隱私與保密的必要性","基於系統合作之必要，轉介者對個案接受心理諮商的需求與期待是最重要的考量","諮商的首要考量應是「個案的最佳福祉」，而非轉介者（如老師、行政）的需求。雖然需系統合作，但不能犧牲個案利益。","學校輔導,諮商倫理,最佳利益"
"choice","108-1","諮商與心理治療實務與專業倫理","面對患有急重症的個案，下列諮商心理師的回應何者最能減緩其面對必要醫療處遇的焦慮？","你可以多說些醫生跟你提到的診斷和治療計畫","你的運氣很好，你的主治醫師是很有經驗的","我相信你一定做了許多準備才會來求診","想想看，你的家人會多麼期待見到你健康","你可以多說些醫生跟你提到的診斷和治療計畫","透過讓個案談論病情與治療計畫，可增加其認知上的控制感（Cognitive Control）與宣洩情緒，有助降低對未知醫療的焦慮。其他選項多為空泛安慰。","醫療諮商,焦慮緩解"
"choice","108-1","諮商與心理治療實務與專業倫理","關於付費的倫理議題，下列敘述何者錯誤？","企業雇主替個案支付諮商費用後，若諮商心理師發現費用不夠，得再向個案收取費用","在企業雇主尚未付清諮商費用前，諮商心理師得拒絕向個案或組織提供諮商紀錄","第三方付費的次數結束後，若個案想要繼續諮商，諮商心理師須同時徵得個案與第三方同意後才能繼續","諮商心理師於初次晤談時可事先提醒個案收費會定期或不定期進行調整","企業雇主替個案支付諮商費用後，若諮商心理師發現費用不夠，得再向個案收取費用","費用應事先約定，不應在第三方付費不足時臨時轉嫁給個案，這違反收費透明與誠信原則。","諮商倫理,收費"
"choice","108-1","諮商與心理治療實務與專業倫理","關於合作型自殺評估與處遇方案(collaborative assessment and management of suicidality)，下列敘述何者正確？","評量自殺的三維向度包括壓力、心理痛苦和無望感","照護過程依序為指標評估/治療計畫、結束療程和臨床追蹤三階段","評估階段不宜過早聚焦在自殺議題，以免引起個案抗拒","以自殺狀態量表為核心的評估工具，兼採量化和質化的評量資料","以自殺狀態量表為核心的評估工具，兼採量化和質化的評量資料","CAMS模式強調以「自殺狀態量表」（SSF）為核心，與個案合作評估自殺風險（包含心理痛苦等面向），並共同擬定處遇計畫。","自殺防治,CAMS"
"choice","108-1","諮商與心理治療實務與專業倫理","諮商心理師長期處理家暴受虐兒童的暴力及自戕行為，卻發現孩子行為改變的程度不大，開始出現「這些孩子難怪會被家長責打」等想法，也對孩子的受虐覺得理所當然。下列敘述何者最不適當？","諮商心理師可能因長期的工作挫折，而出現責怪受害者的情緒","諮商心理師可能已出現專業耗竭的現象，最好能找督導談談他在專業工作上的挫敗感","諮商心理師以指責他人的方式，合理化自己專業能力的不足，應要求其加強專業能力的再學習","諮商心理師可能沒有覺察，他已經出現同理疲憊(empathy fatigue)現象，已對工作失去熱情","諮商心理師以指責他人的方式，合理化自己專業能力的不足，應要求其加強專業能力的再學習","心理師出現此狀況多為替代性創傷或專業耗竭（Burnout），需要的是支持、督導與自我照顧，而非指責其能力不足並強制再學習（C），這可能加重壓力。","專業耗竭,替代性創傷"
"choice","108-1","諮商與心理治療實務與專業倫理","70歲中風的個案因為憂鬱症被轉介諮商。他抱怨妻子雖然幫他復健，但卻讓他痛苦不堪，因他若沒完成每天的復健要求，就被罰不能吃飯或上床睡覺。他正跟妻子冷戰，但妻子大哭自己承受很大的壓力，若他沒有復原就要送他進安養中心；子女對父母爭吵也束手無策。下列何者是諮商心理師最優先的評估與處遇焦點？","夫妻間溝通技巧之學習","老人暴力與安全計畫","分居與離婚計畫","親子溝通之學習","老人暴力與安全計畫","剝奪飲食與睡眠屬於身心虐待（老人保護議題）。在處理溝通或情緒前，必須優先評估受虐風險並擬定安全計畫，確保個案人身安全。","老人保護,家暴,危機介入"
"choice","108-1","諮商與心理治療實務與專業倫理","治療性侵害加害人時，諮商心理師對於犯案偵訊筆錄的作法，下列何者最不符合再犯預防治療理論的觀點？","偵訊筆錄中常可看出加害人重覆犯案的模式，有助於提供豐富的治療訊息","加害人否認犯案時，可提出其犯案偵訊的內容以協助聚焦於發生了什麼事","從偵訊筆錄瞭解犯案過程，有助於協助加害人學習辨識再犯危險情境與關鍵因子","若事先閱讀偵訊筆錄可能會接收到警政預設的概念，易形成錯誤的個案概念化","若事先閱讀偵訊筆錄可能會接收到警政預設的概念，易形成錯誤的個案概念化","性侵害再犯預防強調詳盡了解犯案細節以打破否認機制。筆錄是重要客觀資料，D選項認為不應閱讀以免偏見，不符合此領域實務需求（需核對事實）。","性侵害治療,再犯預防"
"choice","108-1","諮商與心理治療實務與專業倫理","關於正經歷自殺危機個案的介入，下列敘述何者錯誤？","強調短期照顧與治療","目標在解決個案當前最急切的問題","提供自殺之外的積極選擇以協助個案","若個案的家庭支持不足，可協助其尋找其他支持的來源","目標在解決個案當前最急切的問題","危機介入的首要目標是「穩定個案狀態」與「確保安全」，而非立即解決其所有生活難題（B）。問題解決通常是危機解除後的諮商目標。","自殺危機介入,目標設定"
"choice","108-1","諮商與心理治療實務與專業倫理","關於替代性創傷，下列敘述何者錯誤？","是指助人工作者大量暴露在服務對象的創傷事件中被引發的創傷反應","不包括一般民眾在重複觀看重大災難新聞報導後可能出現的創傷反應","常見的反應包括無助、害怕焦慮、憤怒、自責、羞愧、罪惡感等","助人工作者可能會在心理上與個案保持距離以因應此困境","不包括一般民眾在重複觀看重大災難新聞報導後可能出現的創傷反應","替代性創傷（Vicarious Traumatization）雖多指專業助人者，但廣義的次級創傷（Secondary Traumatization）亦可能發生在一般大眾身上（如目睹媒體災難）。B選項排除民眾可能會有類似反應，敘述較為武斷或錯誤。","替代性創傷,次級創傷"
"choice","108-1","諮商與心理治療實務與專業倫理","諮商心理師協助因過度傷慟而出現憂鬱症狀的個案時，下列處遇何者最不適當？","使用精神科藥物，如抗憂鬱劑等，將阻礙悲傷的表達，反而影響個案走過悲傷歷程","諮商心理師可在傾聽個案敘說過程中，以自己的感受進行類比，更貼近去感受個案當下的情緒經驗","因暴力或創傷事件而帶來悲傷的個案，不宜使用過於強烈的暴露治療(如洪水法)","研究發現諮商結合眼動減敏法(EMDR)，有助於協助處在急性痛苦或是長期創傷的個案","使用精神科藥物，如抗憂鬱劑等，將阻礙悲傷的表達，反而影響個案走過悲傷歷程","適當的藥物治療能緩解嚴重憂鬱症狀，使個案有能量進行諮商與悲傷工作，並非一定會阻礙歷程。A敘述過於絕對。","悲傷輔導,藥物治療"
"choice","108-1","諮商與心理治療實務與專業倫理","關於成癮行為的形成與維持，下列何者最不受社會因素的影響？","躲在空屋內注射海洛因，讓警察及保護官找不到的毒癮犯","手持雪茄，以在高級餐廳內高談闊論時事為榮的菁英份子","下課時聚在一起討論怎麼打怪才能積分最快的一群學生","在電音夜店中使用搖頭丸讓自己放得開，被大家喝采的消費者","躲在空屋內注射海洛因，讓警察及保護官找不到的毒癮犯","B、C、D均有明顯的社交互動、同儕壓力或社會讚許（喝采、高談闊論、討論）。A主要是為了逃避查緝與滿足生理癮頭，屬個人行為，相對較少直接的「社會互動促進」因素。","成癮行為,社會心理學"
"choice","108-1","諮商與心理治療實務與專業倫理","傑森移民到臺灣20年，熱愛這塊土地，他說：「我生是臺灣人，死為臺灣魂」。從涵化理論的觀點，傑森最接近下列那種涵化的狀態？","融合(integration)","同化(assimilation)","分離(separation)","邊緣化(marginalization)","同化(assimilation)","同化（Assimilation）指個體完全認同並融入主流文化（台灣），同時放棄或不強調原有的文化認同。傑森完全認同台灣，符合同化特徵。","涵化理論,多元文化"

"essay","108-1","心理健康與變態心理學","請依《精神疾病診斷與統計-第五版,DSM-5》詳述酒精使用障礙症(alcohol use disorder)的診斷條件為何?並說明那些高風險因素會使個人過度飲酒或形成酗酒情形?","","","","","","【擬答重點】\n一、DSM-5 酒精使用障礙症診斷條件：\n需在12個月內出現以下至少2項症狀，且導致臨床顯著損害或痛苦：\n1. 攝取量或時間超出預期。\n2. 欲戒酒或減量但失敗。\n3. 花費大量時間在取得、使用或恢復酒精影響。\n4. 強烈渴求(craving)。\n5. 無法履行角色義務(工作/學業/家庭)。\n6. 儘管造成社交或人際問題仍持續使用。\n7. 放棄重要活動。\n8. 在危險情境下使用。\n9. 儘管知道身心問題由酒精引起仍持續使用。\n10. 耐受性(Tolerance)。\n11. 戒斷症狀(Withdrawal)。\n\n二、高風險因素：\n1. 生物/遺傳因素：家族遺傳史、多巴胺迴路異常、缺乏酒精代謝酶(保護因子)之相反情形。\n2. 心理因素：高衝動性、尋求刺激特質、正向酒精預期(認為喝酒可紓壓)、共病其他精神疾患(如焦慮、憂鬱)。\n3. 社會文化因素：同儕壓力、飲酒文化、酒精易取得性、家庭示範效應、生活壓力事件。","DSM-5,酒精使用障礙症,成癮,風險因素"
"essay","108-1","心理健康與變態心理學","當事人在接案晤談中表示與異性說話或一起工作會感到緊張，希望藉諮商能改善其人際關係。當事人在回溯經驗的過程中漸漸提到自己較喜歡和同性互動，尤其是和一位同性友人相處時感覺自己是被瞭解、被接納的……，且突然焦急地詢問自己的性別認同是否有問題。就上述樣態，請詳述當事人是否為性別不安(gender dysphoria)的情形，並說明理由？接案心理師該如何降低當事人的焦慮程度？","","","","","","【擬答重點】\n一、是否為性別不安及其理由：\n1. 判斷：依目前資訊，當事人「不符合」性別不安(Gender Dysphoria)之診斷。\n2. 理由：性別不安的核心症狀為「個體經驗/表達的性別」與「指定性別」有顯著不一致，且伴隨痛苦。題目中當事人僅提及「喜歡與同性互動」、「對異性緊張」及「對同性友人有被接納感」，這較偏向「性傾向(Sexual Orientation)」或「人際親密感」的探索議題，而非對自身性別歸屬(Gender Identity)的排斥或不一致。\n\n二、降低焦慮之介入策略：\n1. 正常化與去病理化：同理其焦慮，說明對人際界線或性傾向的探索是常態，澄清性別認同與性傾向之差異。\n2. 提供安全空間：採取接納、非評價的態度，鼓勵其表達對同性友人的情感與對異性的焦慮來源。\n3. 探索焦慮根源：協助覺察焦慮是否來自內在的刻板印象、社會壓力的內化(如內在恐同)或對未知的恐懼。\n4. 放鬆與專注當下：運用放鬆技巧協助調節當下的生理焦慮，將焦點拉回具體的人際互動經驗而非標籤化的擔憂。","性別不安,性別認同,性傾向,諮商介入,焦慮調節"
"choice","108-1","心理健康與變態心理學","關於青少年自尊(self-esteem)的敘述，下列何者錯誤？","高自尊青少年未來的心理健康與生活適應較佳","青少年的自尊是個體的穩定特性，很難藉由心理介入而提升","高自尊攻擊性青少年會越來越重視攻擊行為後的酬賞，而越來越輕忽受害者","同儕影響青少年的自尊變化主要藉由社會比較機制","青少年的自尊是個體的穩定特性，很難藉由心理介入而提升","自尊雖然具有一定的穩定性，但並非不可改變。透過心理介入(如CBT、成功經驗建立、社會支持)是可以提升自尊的，且青少年期是自我概念發展的變動期，具可塑性。","青少年,自尊,發展心理學"
"choice","108-1","心理健康與變態心理學","根據性別角色與心理健康的研究結果推測，下列那個人的心理健康程度可能最佳？","劉先生有許多女性化的特質","王小姐有許多女性化的特質","王小姐沒有太明顯的性別化特質","劉先生有許多女性化的特質，也有許多男性化的特質","劉先生有許多女性化的特質，也有許多男性化的特質","根據Bem的「心理雙性化」(Androgyny)理論，同時兼具男性化(工具性)與女性化(表達性)特質的人，在應對各種情境時最具彈性與適應力，心理健康程度往往最佳。","性別角色,雙性化,Bem,心理健康"
"choice","108-1","心理健康與變態心理學","根據 Nass 和McDonald 對婚姻的觀點，下列敘述何者最正確？","人們只要找到對的人選相愛並結婚，問題自然迎刃而解","只要夫妻相愛必能解決所有的問題","婚姻可以用來解決孤獨的問題","情侶通常帶著不切實際的幻想走入婚姻，經歷挫折與困難之後開始面對現實","情侶通常帶著不切實際的幻想走入婚姻，經歷挫折與困難之後開始面對現實","Nass與McDonald指出許多人對婚姻抱持「羅曼蒂克神話」，認為愛能解決一切或婚姻能消除孤獨，這是不切實際的。現實的婚姻需要面對與解決困難。","婚姻心理學,婚姻迷思"
"choice","108-1","心理健康與變態心理學","小明是國小一年級新生，小明家長與導師密切溝通、合作，協助小明適應學校生活。根據 Bronfenbrenner「生態系統理論(ecological system theory)」，家長與導師間的合作屬於下列何者？","微觀系統(microsystem)","中層系統(mesosystem)","外部系統(exosystem)","巨觀系統(macrosystem)","中層系統(mesosystem)","中系統(Mesosystem)是指兩個或多個微系統(Microsystem)之間的互動與連結，例如家庭(家長)與學校(導師)之間的合作關係。","Bronfenbrenner,生態系統理論,發展心理學"
"choice","108-1","心理健康與變態心理學","研究發現受試者填寫社會再適應評估量表(social readjustment rating scale, SRRS)與疾病的關聯性不高，下列解釋何者最正確？","生活瑣事是造成疾病的重要因素","除了壓力以外，生病還和許多因素有關","SRRS 主要評估慢性壓力","SRRS 題目所描述的範圍太限定","除了壓力以外，生病還和許多因素有關","SRRS測量的是重大生活事件壓力，但壓力僅是疾病的風險因子之一，疾病發生還受遺傳、生活習慣、應對資源等多重因素影響，故相關性雖有但非絕對(關聯性不高)。","壓力,SRRS,健康心理學"
"choice","108-1","心理健康與變態心理學","關於 Erik Erikson的理論，下列何者錯誤？","在生命的第二年，當兒童可以操弄與控制他們所遭遇的許多事情，就會發展出自主","在青少年期如果無法發展適當的認同感，就會陷入角色混淆","在成年早期的發展失敗，會出現孤立、疏離的問題","Erikson的人格理論取向被稱為自體心理學","Erikson的人格理論取向被稱為自體心理學","Erikson屬於「自我心理學」(Ego Psychology)派別，強調自我(Ego)在發展中的功能。自體心理學(Self Psychology)的代表人物是Heinz Kohut。","Erikson,心理社會發展,自我心理學"
"choice","108-1","心理健康與變態心理學","社會支持可以提供一個人建議或資源，減少個體暴露在壓力情境的可能性，這是屬於下列那個學說的論點？","壓力免疫假說","緩衝假說","直接效果假說","壓力預防假說","壓力預防假說","題目強調「減少暴露在壓力情境的可能性」，即預防壓力的發生，這符合壓力預防(Stress Prevention)的觀點。緩衝假說是指壓力已發生，社會支持緩衝其負面影響。","社會支持,壓力理論"
"choice","108-1","心理健康與變態心理學","下列有關糖尿病患者壓力上升和血糖變化的敘述，何者正確？","會促進腎上腺素(epinephrine)分泌，增加胰島素分泌，因而使血糖下降","會抑制腎上腺素(epinephrine)分泌，激發胰島素分泌，因而使血糖上升","會促進皮質醇(cortisol)分泌，激發肝臟消耗葡萄糖，使血糖下降","會促進皮質醇(cortisol)分泌，刺激肝臟釋放葡萄糖，使血糖上升","會促進皮質醇(cortisol)分泌，刺激肝臟釋放葡萄糖，使血糖上升","壓力會活化HPA軸分泌皮質醇(Cortisol)，皮質醇會促進糖質新生與肝醣分解(釋放葡萄糖)，導致血糖上升，這對糖尿病控制不利。","壓力生理學,糖尿病,皮質醇"
"choice","108-1","心理健康與變態心理學","研究發現下列何種 Type A 特質與心血管疾病有最強的關聯？","生氣/敵意","疑心/敵意","高度競爭行為","完美主義","生氣/敵意","早期研究關注A型人格整體，後續研究證實其中的「敵意」(Hostility)與「憤怒」(Anger)特質才是預測冠狀動脈心臟病的最強因子。","A型人格,心血管疾病,敵意"
"choice","108-1","心理健康與變態心理學","用來管理疼痛的各種心理介入方法中，下列何者被認為是最具效益的？","漸進式肌肉放鬆訓練","削弱疼痛帶來的增強效果","挑戰疼痛的非理性信念","以生理回饋的方式來降低疼痛","漸進式肌肉放鬆訓練","雖然CBT和生理回饋都有效，但「漸進式肌肉放鬆」(PMR)因其易學、成本低且能有效降低肌肉張力與焦慮(進而減緩疼痛)，常被視為具高成本效益的基礎介入。","疼痛管理,放鬆訓練"
"choice","108-1","心理健康與變態心理學","關於過度激發(hyperarousal)而導致失眠的因素，下列何者最正確？","日夜節律失調","反覆思考壓力事件","生理時鐘錯亂","日間活動量不足","反覆思考壓力事件","過度激發模式(Hyperarousal model)認為失眠是由於生理、認知或情緒的過度喚起。反覆思考(Rumination)壓力事件是認知過度激發的典型表現，導致難以入睡。","失眠,過度激發,睡眠障礙"
"choice","108-1","心理健康與變態心理學","關於以社區為基礎的社區諮商模式，下列敘述何者錯誤？","是以精神醫療為主，其他專業為輔的跨專業預防模式","針對社區與個人進行直接與間接的服務型態","依照三級預防的概念架構結合社區資源進行預防與介入","以跨專業的團隊工作為基礎的工作型態","是以精神醫療為主，其他專業為輔的跨專業預防模式","社區諮商模式強調發展、預防與多元系統合作，而非以「精神醫療」為主導。它重視賦能與環境脈絡，不同於醫療模式。","社區諮商,預防模式"
"choice","108-1","心理健康與變態心理學","大明為了戒菸而尋求諮商心理師的協助，與大明初次晤談後，諮商心理師發現他有強烈的戒菸意願。根據「跨理論模式(transtheoretical model)」的觀點，大明目前最可能處在那一個階段？","無意圖期(precontemplation)","意圖期(contemplation)","準備期(preparation)","行動期(action)","準備期(preparation)","準備期(Preparation)的特徵是有意圖在近期(通常一個月內)採取行動，且通常已有一些微小的嘗試。大明主動尋求協助且意願強烈，符合準備進入行動的特徵。","跨理論模式,改變階段,戒菸"
"choice","108-1","心理健康與變態心理學","關於員工協助方案的主要預期效益，下列何者錯誤？","提高工作生產力","促成自我實現","減少企業成本","提升職場安全","促成自我實現","EAP(員工協助方案)的主要商業目標是解決員工困擾以維持生產力、降低缺勤/醫療成本、維護安全。雖然可能間接幫助成長，但「自我實現」通常不是企業推動EAP的主要預期效益(KPI)。","EAP,員工協助方案,工業心理學"
"choice","108-1","心理健康與變態心理學","關於自殺行為的性別差異，下列何者正確？","相較於女性，男性的自殺企圖與自殺死亡率皆較高","相較於女性，男性的自殺企圖率較高，但自殺死亡率較低","相較於女性，男性的自殺企圖與自殺死亡率皆較低","相較於女性，男性的自殺企圖率較低，但自殺死亡率較高","相較於女性，男性的自殺企圖率較低，但自殺死亡率較高","這被稱為「性別悖論」(Gender Paradox)自殺現象：女性企圖自殺次數較多，但男性自殺死亡率較高(因常使用更致命的手段)。","自殺,性別差異,流行病學"
"choice","108-1","心理健康與變態心理學","小天因為吃了一小塊起司蛋糕，認為自己的減肥飲食計畫完全失敗。他原先的計畫包括：減肥時不吃任何蛋糕，因此決定停止減肥計畫，還把剩下的蛋糕吃光。這段敘述符合下列何者？","平衡效果(balance effect)","節制違反效果(the abstinence-violation effect)","失控效果(lost control effect)","動機合理效果(motivation justification effect)","節制違反效果(the abstinence-violation effect)","節制違反效應(AVE)指個體在打破自我設定的戒條(如偷吃一口)後，產生認知失調與內疚，進而導致自暴自棄、全面復發的現象。","成癮行為,AVE,自我控制"
"choice","108-1","心理健康與變態心理學","美國國家酗酒委員會，建議酒精濫用的防治方案，應該包括三個步驟：①辨識酗酒的員工 ②轉介酗酒者至助人單位 ③教育管理者具正確認知。下列何者為最合理的順序？","123","132","213","312","312","合理的程序應先「教育」管理者如何辨識與處理(3)，接著管理者才能有效「辨識」出問題員工(1)，最後將其「轉介」至專業單位(2)。","酒癮防治,EAP,介入程序"
"choice","108-1","心理健康與變態心理學","DSM-5 最少使用下列何者來定義心理障礙症(mental disorder)？","症候群","功能受損","病因","主觀痛苦","病因","DSM系統(自DSM-III起)採取「描述性」與「非理論性」原則，主要依據症狀群(A)、痛苦(D)與功能損害(B)來診斷，儘量避免對「病因」(Etiology)做假設(除非是少數特定導因的疾病如PTSD)，以容納不同學派觀點。","DSM-5,診斷原則"
"choice","108-1","心理健康與變態心理學","阿明在學校上課總是漫不經心，在課堂上擅自活動，與同學相處上也常因沒耐心造成人際衝突。媽媽先後帶阿明給兩位身心科醫師看診，其中一位認為阿明有過動症，另一位認為是情緒障礙症。此例反映出下列何種問題？","低構念效度(low construct validity)","低內容效度(low content validity)","低內部一致性(low internal consistency)","低評分者間信度(low interrater reliability)","低評分者間信度(low interrater reliability)","評分者間信度(Inter-rater reliability)指不同評估者(醫師)對同一對象給出一致診斷的程度。兩位醫師診斷不同，顯示此信度低。","信度,精神診斷,評分者間信度"
"choice","108-1","心理健康與變態心理學","DSM-5 提出的人格障礙症替代模型中，不包括下列何種診斷？","反社會型人格障礙症","畏避型人格障礙症","妄想型人格障礙症","思覺失調型人格障礙症","妄想型人格障礙症","DSM-5的替代模型(Alternative Model)保留了6種人格障礙症(反社會、畏避、邊緣、自戀、強迫、思覺失調型)，排除了妄想型(Paranoid)、類思覺失調型(Schizoid)、做作型(Histrionic)與依賴型(Dependent)。","DSM-5,人格障礙症,替代模型"
"choice","108-1","心理健康與變態心理學","依據 DSM-5，下列何者為經期前情緒低落症之相關症狀的出現期間？","在月經開始的前1週出現，並在月經開始後的幾天內開始改善","在月經開始的前1週出現，並在月經結束後症狀開始改善","在月經開始的前2週出現，並在月經開始後的幾天內開始改善","在月經開始的前2週出現，並在月經結束後症狀開始改善","在月經開始的前1週出現，並在月經開始後的幾天內開始改善","DSM-5定義的經期前情緒低落症(PMDD)，症狀需在月經來臨前一週出現，月經開始後數日內改善，並在月經結束後一週內變得輕微或消失。","PMDD,憂鬱症,診斷準則"
"choice","108-1","心理健康與變態心理學","關於意念飛躍(flight of ideas)特徵的敘述，下列何者最正確？","在談話中會出現多次改變話題且不易打斷","在談話中出現妄想性想法","在談話中出現對人的態度及感覺的快速變化","在談話中積極尋求他人的關注與再保證","在談話中會出現多次改變話題且不易打斷","意念飛躍(Flight of ideas)是躁症常見症狀，指思緒跳耀極快，話語不斷改變主題，且語速快、滔滔不絕(Pressure of speech)，難以打斷。","精神病理,躁症,意念飛躍"
"choice","108-1","心理健康與變態心理學","郭先生是蒐集瓶罐的儲物症患者，下列何者最不可能是郭先生對於自己的描述？","我很討厭家人幫我打掃家裡","我知道自己的儲物行為還蠻嚴重的","要丟掉瓶罐會讓我很苦惱","我從青少年時期就開始蒐集瓶罐","我知道自己的儲物行為還蠻嚴重的","儲物症(Hoarding Disorder)患者通常缺乏病識感(Insight)，常認為自己的收集是有價值的或不覺得有問題，故「知道自己行為嚴重」較不可能。","儲物症,強迫相關障礙,病識感"
"choice","108-1","心理健康與變態心理學","下列何者是創傷後壓力症的保護因子？","高智商","高社經","高敏感","高解離","高智商","高智商(High IQ)被視為創傷後壓力症(PTSD)的保護因子，可能與較佳的認知處理能力、應對策略及資源有關。","PTSD,保護因子"
"choice","108-1","心理健康與變態心理學","關於轉化症(功能性神經症狀障礙症)的敘述，下列何者正確？","約有一半的轉化症個案符合解離症的診斷準則","發生在男性與女性的盛行率相當","臨床上的盛行率大於5%","較少與物質使用障礙症產生共病現象","約有一半的轉化症個案符合解離症的診斷準則","轉化症(Conversion Disorder)常與解離症(Dissociative Disorders)共病，兩者在歷史上與病理機制上(如對創傷的反應)有密切關聯。","轉化症,身心症,解離"
"choice","108-1","心理健康與變態心理學","關於思覺失調症患者的親屬①非雙胞胎手足 ②子女 ③孫子 ④配偶，其罹患思覺失調症的機率由高而低排列，下列何者正確？","1243","1324","2134","2314","2134","遺傳關聯性越高，患病率越高。子女(一級親屬, ~13%) > 手足(一級親屬, ~9%) > 孫子(二級親屬, ~5%) > 配偶(無血緣, ~2%)。註：雖然子女與手足同為一級親屬(50%基因)，統計上子女通常略高於手足。","思覺失調症,遺傳率,家族研究"
"choice","108-1","心理健康與變態心理學","依據回溯的人格研究，下列那種特質與暴食症患者的相關性最高？","完美主義","內向害羞","情緒不穩定","服從性高","情緒不穩定","暴食症(Bulimia Nervosa)常與衝動控制困難、情緒調節問題相關，故「情緒不穩定」(Neuroticism/Impulsivity)是顯著相關特質。厭食症則較常與完美主義相關。","飲食障礙,暴食症,人格特質"
"choice","108-1","心理健康與變態心理學","下列何種神經傳導物質與邊緣型人格障礙症的失控有關？","多巴胺(dopamine)","r-胺基丁酸(GABA)","血清素(serotonin)","正腎上腺素(norepinephrine)","血清素(serotonin)","邊緣型人格障礙症(BPD)的衝動攻擊行為與情緒失控，在生物學上常被發現與低血清素(Serotonin)功能有關。","邊緣型人格,神經傳導物質,血清素"
"choice","108-1","心理健康與變態心理學","根據 DSM-5，對立反抗症(oppositional defiant disorder)的症狀至少應持續多久？","1個月","2個月","3個月","6個月","6個月","DSM-5診斷對立反抗症(ODD)要求症狀(生氣/易怒、爭辯/反抗、報復)必須持續至少6個月。","ODD,兒童青少年,診斷準則"
"choice","108-1","心理健康與變態心理學","張先生於數小時內出現注意力與覺察力障礙、失去時間與空間定向感、記憶力減損，伴隨鮮明幻覺和情緒激動等症狀，嚴重度在1天之內波動，持續約1週後消失。下列何種診斷最適當？","類思覺失調症(schizophreniform disorder)","思覺失調症(schizophrenia)","譫妄(delirium)","路易氏體認知障礙症(major neurocognitive disorder with Lewy bodies)","譫妄(delirium)","譫妄(Delirium)的核心特徵是急性發作(數小時內)、病程波動、意識與注意力障礙。常由生理因素引起，且為暫時性。","譫妄,鑑別診斷,神經認知障礙"
"choice","108-1","心理健康與變態心理學","有關酒精使用障礙症(alcohol use disorder)之病因學，下列敘述何者錯誤？","酒精的使用可能是為了緩解其他物質的使用所出現的不適感","缺乏酒精代謝酵素-乙醇脫氫酶(alcohol dehydrogenases)者，較不容易有酒精依賴","酒精依賴者比正常者更重視立即酬賞","酒精短視現象(alcohol myopia)意指酒精會使人集中注意力在特定事物上，因此能夠降低焦慮","酒精短視現象(alcohol myopia)意指酒精會使人集中注意力在特定事物上，因此能夠降低焦慮","酒精短視理論認為酒精限制了注意力廣度，使人只關注最顯著的線索。如果顯著線索是負向的/壓力的，焦慮反而可能增加；如果線索是分心的，焦慮才降低。直接斷言「因此能夠降低焦慮」過於武斷且忽略了該理論描述的「過度反應」面向(如酒後更易受挑釁而攻擊)。且題目亦可能暗示其他病因學的正確性。","酒精使用障礙,病因學,酒精短視"
"choice","108-1","心理健康與變態心理學","下列何者不屬於性偏好症(paraphilic disorder)的範疇？","戀童症","摩擦症","變性症","戀物症","變性症","變性症(Transsexualism，DSM-5稱性別不安Gender Dysphoria)是關於性別認同的困擾，而非性偏好/性慾倒錯(Paraphilia)。A、B、D皆為性偏好症。","性偏好症,DSM-5,變性症"
"choice","108-1","心理健康與變態心理學","有關社交焦慮症患者心理病理之敘述，下列何者正確？","主要是由人際互動當中學習而來的，不受生理、遺傳因素之影響","個案通常因為太高的焦慮干擾其對於自己表現的知覺，並沒有實際上社交互動的問題","由於避免社交情境可以降低焦慮感，因而會增強其逃避行為","個案因為太注意他人的評價，而沒注意到自身的生理焦慮反應","由於避免社交情境可以降低焦慮感，因而會增強其逃避行為","這是操作制約中的「負增強」(Negative Reinforcement)：逃避導致焦慮下降，增強了逃避行為，維持了焦慮症狀。","社交焦慮症,行為學派,負增強"
"choice","108-1","心理健康與變態心理學","關於注意力不足過動症的治療，下列敘述何者錯誤？","單獨採用密集式行為治療是最具效果的治療方法","藥物治療與行為治療常被合併使用","目前研究發現，中樞神經興奮劑可緩解症狀","除了主要症狀外，其他衍生的情緒或行為問題也需要一併治療","單獨採用密集式行為治療是最具效果的治療方法","研究(如MTA study)顯示，藥物治療或「藥物+行為治療」的效果通常優於「單獨行為治療」，特別是在核心症狀的改善上。","ADHD,治療策略,行為治療"
"choice","108-1","心理健康與變態心理學","在思覺失調症發病的過程中，因為生病使思覺失調症患者賺錢的能力受損而遷居到鄰近較貧窮的地區，此論點稱為下列何者？","社交選擇假說(social selection hypothesis)","社會起因假說(sociogenic hypothesis)","社會刺激假設(social stimulation hypothesis)","社會替代假說(social surrogacy hypothesis)","社交選擇假說(social selection hypothesis)","社交選擇假說(Social Selection)或社會向下漂流(Social Drift)假說認為，是疾病導致功能下降，使患者落入低社經地位，而非低社經地位導致疾病(社會起因假說)。","思覺失調症,社會漂流,病因學"
"choice","108-1","心理健康與變態心理學","關於女性高潮障礙症(female orgasmic disorder)的治療方式，下列何者錯誤？","指導患者在伴侶不在場時，單獨練習自慰","教導伴侶使用按壓龜頭法(the squeeze technique)，增加陰蒂的刺激","以心理衛生教育與系統減敏感法(systematic desensitization)協助患者降低焦慮","以感覺焦點法(sensate-focus exercises)幫助患者將焦點放在身體感覺","教導伴侶使用按壓龜頭法(the squeeze technique)，增加陰蒂的刺激","按壓龜頭法(Squeeze technique)是治療男性早洩(Premature Ejaculation)的技術，與增加陰蒂刺激無關。","性功能障礙,治療技術"
"choice","108-1","心理健康與變態心理學","關於失智症藥物治療的敘述，下列何者錯誤？","血清素膽酯酶抑制劑(cholinesterase inhibitors)可減緩路易氏體失智症的記憶衰退","血清素膽酯酶抑制劑可減緩阿茲海默症的記憶衰退","抗憂鬱劑可以緩解與阿茲海默症共病的憂鬱症狀，通常也可以改善認知症狀","抗精神病藥物可以緩解失智老人具攻擊性的躁動不安，並降低死亡風險","抗精神病藥物可以緩解失智老人具攻擊性的躁動不安，並降低死亡風險","抗精神病藥物雖可用於控制嚴重激躁，但FDA曾發布黑框警告，指出其會「增加」失智症長者的死亡風險(如心血管事件、感染)，絕非降低風險。","失智症,精神藥理,副作用"
"choice","108-1","心理健康與變態心理學","學者認為「行為規範障礙症(conduct disorder)」的成因與家庭、學校、鄰居、法院和青少年福利機構等組成之社會網絡系統有關，因此以何種方式介入最恰當？","親職管理效能訓練","多系統治療模式","多世代家庭治療","問題解決技巧訓練","多系統治療模式","多系統治療(Multisystemic Therapy, MST)是針對行為規範障礙症青少年所發展的密集介入模式，直接針對家庭、學校、社區等系統進行工作，效果顯著。","行為規範障礙,多系統治療,MST"
"choice","108-1","心理健康與變態心理學","針對戒酒，下列何者為常用的輔助性藥物？","氯氮平(clozapine)","巴比妥類藥物(barbiturates)","雙硫崙(disulfiram)","美沙酮(methadone)","雙硫崙(disulfiram)","雙硫崙(Disulfiram/Antabuse)會阻斷酒精代謝，造成飲酒後極度不適(臉紅、噁心)，用以嚇阻飲酒(嫌惡治療)。Clozapine是抗精神病藥；Barbiturates易成癮；Methadone用於海洛因戒治。","戒酒,精神藥理,雙硫崙"
"choice","108-1","心理健康與變態心理學","下列那一種藥物，不屬於第二代抗精神病藥物？","好度(haloperidol)","氯氮平(clozapine)","金普薩(olanzapine)","理思必妥(risperidone)","好度(haloperidol)","Haloperidol(Haldol)是典型的第一代(傳統)抗精神病藥物。B、C、D皆為第二代(非典型)藥物。","精神藥理,抗精神病藥物"

"essay","108-1","個案評估與心理衡鑑","行為觀察法常被用來評量行為與態度的改變。行為觀察法又可因使用之工具的特性，分為軼事記錄法、評定量表，以及項目檢核表等三種方法。請依序詳述上述三種方法的定義與特點，以及應用行為觀察法時應該避免的三種觀察者的偏誤。","","","","","","【擬答重點】\n一、三種觀察法之定義與特點：\n1. 軼事記錄法(Anecdotal Records)：\n   - 定義：以文字敘述方式，客觀且詳實地記錄個體在特定情境下的行為事件。\n   - 特點：不需預設架構，能捕捉行為脈絡與細節，但較費時且易受觀察者主觀影響。\n2. 評定量表(Rating Scales)：\n   - 定義：觀察者依據預先設定的特質或行為向度，對個體表現的程度或頻率進行等級評定。\n   - 特點：能將觀察量化，便於統計分析與比較，但容易出現中間趨勢或月暈效應。\n3. 項目檢核表(Checklists)：\n   - 定義：列出一系列目標行為或特徵，觀察者只需標示該行為「出現」或「未出現」。\n   - 特點：結構化程度高，使用簡便快速，適合評估特定行為是否存在，但缺乏行為程度或品質的資訊。\n\n二、應避免的三種觀察者偏誤：\n1. 月暈效應(Halo Effect)：因對受試者的整體印象(如外貌、喜好)而影響對特定行為的評分。\n2. 趨中偏誤(Central Tendency Error)：評分傾向集中在量表中間，避免給予極端分數。\n3. 仁慈或嚴格偏誤(Leniency/Severity Error)：觀察者習慣性地給予過高或過低的評價。\n(或可列：邏輯誤差、對比誤差等)","行為觀察,軼事記錄,評定量表,檢核表,觀察偏誤"
"essay","108-1","個案評估與心理衡鑑","請依序分別說明下述兩種信度的定義以及信度的誤差來源：內部一致性信度(internal consistency reliability)、評分者間信度(scorer reliability)。","","","","","","【擬答重點】\n一、內部一致性信度 (Internal Consistency Reliability)：\n1. 定義：指測驗中各個試題之間的功能一致性或同質性程度。反映受試者在同一測驗中不同試題上反應的一致程度。常用Cronbach’s α係數或庫李信度(KR-20)表示。\n2. 誤差來源：主要為「內容取樣」(Content Sampling)誤差。若試題內容異質性太高(測量不同構念)或題目取樣不具代表性，皆會降低此信度。\n\n二、評分者間信度 (Scorer Reliability)：\n1. 定義：指不同評分者對同一份測驗卷或行為表現進行評分時，其評分結果的一致性程度。常用於申論題、投射測驗或行為觀察。\n2. 誤差來源：主要為「評分者間的差異」(Inter-scorer differences)。包括評分標準不一、評分者的主觀偏見(如月暈效應)、情緒狀態或專業訓練不足等因素。","信度,內部一致性,評分者間信度,測驗誤差"
"choice","108-1","個案評估與心理衡鑑","關於心理測驗信度的敘述，下列何者最為適當？","整個測驗的信度一定會高於各分測驗的信度","測驗的信度愈高，其測量標準誤愈小","測驗的題數愈多，信度一定會愈高","實務上，測驗的信度不會受測驗情境變動的影響","測驗的信度愈高，其測量標準誤愈小","信度與測量標準誤(SEM)成反比關係。信度越高，代表隨機誤差越小，因此SEM越小。A不一定(取決於分測驗長度與同質性)；C題數多通常提高信度，但若題目品質差則未必；D信度受情境影響。","信度,測量標準誤,測驗理論"
"choice","108-1","個案評估與心理衡鑑","下列有關內容效度之敘述何者錯誤？","內容效度又稱為邏輯效度","內容效度重視題目適切性與代表性","具有表面效度之測驗，通常也具有內容效度","對性向測驗與人格測驗，使用內容效度是不適當的","具有表面效度之測驗，通常也具有內容效度","表面效度(Face Validity)指受測者主觀覺得測驗像是在測量什麼，不等同於專業判定的內容效度(Content Validity)。高表面效度不代表高內容效度。","效度,內容效度,表面效度"
"choice","108-1","個案評估與心理衡鑑","在企業界主管或評估人員對員工評分如果出現評分的範圍很小，最有可能隱含下列何種評估偏誤？","月暈偏誤","驗證性偏誤","全距受限偏誤","初始印象偏誤","全距受限偏誤","評分範圍很小(例如都給3-4分，不給1或5分)，即無法區辨差異，屬於全距受限(Range Restriction)，常包含趨中誤差或過度寬嚴一致。","評估偏誤,全距受限"
"choice","108-1","個案評估與心理衡鑑","王教授在教導學生測量(measurement)、測驗(testing)與評估(evaluation)等概念時，在白板上寫了下列四段敘述，並要求學生指出那一項有誤。請你幫忙選出最不適當的敘述：","測量乃描述事物並將之區別的歷程，不一定都需要使用高度精密的工具","測量是運用數字來描述事物，其所需的精確程度與測量的目的並無關連","評估歷程不一定要使用量化或數字，並沒有一個精確、一致的意涵","測驗是資料蒐集的技術，也可做為當事人探索自我的一項回饋工具","測量是運用數字來描述事物，其所需的精確程度與測量的目的並無關連","測量的精確度(Precision)與目的高度相關。例如篩選測驗可能只需粗略區分，而診斷測驗需高精確度。","測量,評估,測驗"
"choice","108-1","個案評估與心理衡鑑","關於精神狀態檢查(mental status examination)，下列何者正確？","只能測量單一的心理功能","可單獨用於診斷性衡鑑","無法納入正規的心理衡鑑組合中","可以快速檢視個案的多種功能","可以快速檢視個案的多種功能","精神狀態檢查(MSE)是對個案當下認知、情緒、行為、外觀、定向感等多層面功能的快速掃描與評估。","精神狀態檢查,MSE,臨床衡鑑"
"choice","108-1","個案評估與心理衡鑑","在評估個案焦慮症狀的嚴重度時，下列何者的重要性相對最低？","焦慮的來源是特殊性或是廣泛性","焦慮症狀對於個案生活與人際的影響情形","個案的人格特質與人際互動型態","症狀出現的時期是否超過特定的長度","個案的人格特質與人際互動型態","評估症狀「嚴重度」時，主要關注症狀的範圍(A)、功能損害(B)與持續時間(D)。人格特質(C)屬於背景或共病因素，雖相關但非直接衡量「當下焦慮症狀嚴重度」的指標。","焦慮症狀,嚴重度評估"
"choice","108-1","個案評估與心理衡鑑","對於心理評量的特性，下列敘述何者錯誤？","共通性評估(nomothetic assessment)乃參考常模來解釋測驗分數","在共通性評估中，使用最能描述個體的相關變項作為解釋資料的參照點","個人式評估(idiographic assessment)強調使用最能描述個體的變項來評估其變異性","共通性評估技術的結果比較容易解釋","在共通性評估中，使用最能描述個體的相關變項作為解釋資料的參照點","共通性評估(Nomothetic)是與「團體常模」比較，而非使用「最能描述個體」的獨特變項(這是Idiographic的特徵)。","心理評量,共通性,獨特性"
"choice","108-1","個案評估與心理衡鑑","在認知治療中進行認知評估時，諮商心理師與個案之間的諮商關係，屬於下列何者？","合作平等","由個案主導評估的過程","重視此時此刻","諮商心理師處在不知情(not knowing)狀態","合作平等","認知治療(CBT)強調「合作經驗主義」(Collaborative Empiricism)，治療師與個案是平等的合作夥伴，共同探索與驗證信念。","認知治療,諮商關係,評估"
"choice","108-1","個案評估與心理衡鑑","下列關於個案情況和 Prochaska 的改變階段之配對不符合的是：","知道自己的問題但在猶豫要不要做改變——思考(contemplation)","覺得自己沒有問題不知道為何要做改變——準備(preparation)","調節自己的行為來解決問題——行動(action)","將改變成習慣預防問題再發生——維持(maintenance)","覺得自己沒有問題不知道為何要做改變——準備(preparation)","「覺得沒問題、不知為何要改」屬於「無意圖期/懵懂期」(Precontemplation)。「準備期」(Preparation)是指已決定改變並開始微小嘗試。","跨理論模式,改變階段,Prochaska"
"choice","108-1","個案評估與心理衡鑑","某位學校諮商心理師，先以科學研究實事求是的精神，探究學校現場學生行為問題的特徵與脈絡，再藉此界定出實務現場所需的介入策略與改變歷程，此諮商心理師秉持了下列那一種論點？","科學家——實務者模式(scientist-practitioner model)","證據導向實務(evidence-based practice)","資料導向(data-driving)","手冊化實務作業(manualized practice)","證據導向實務(evidence-based practice)","證據導向實務(EBP)強調將最佳研究證據、臨床專業與個案價值觀結合。題目描述從研究探究特徵再界定策略，符合EBP的精神。(註：考選部答案為B，雖科學家-實務者亦相關，但題目側重於利用研究界定策略的實務過程)。","證據導向實務,EBP,學校諮商"
"choice","108-1","個案評估與心理衡鑑","下列何者不是評量諮商目標是否達成的技術或方法？","自我監控技術","個案滿意度調查","心理測驗之前後測比較","期望表之成功率分析","期望表之成功率分析","期望表(Expectancy Table)主要用於呈現測驗分數與未來效標(如學業成就)之間的關係(預測效度)，而非用來評量諮商目標是否達成。","諮商成效評估,期望表"
"choice","108-1","個案評估與心理衡鑑","下列個案的自我描述與他可能患有人格障礙症的配對，何者是最典型與正確的？","「我能夠和外太空的生物取得聯繫。」——最可能是孤僻型人格(schizoid personality)","「多半人都不值得信賴，他們總想占我便宜。」——最可能是畏避型人格(avoidant personality)","「我有豐富的感情，我喜歡成為眾人注目的焦點。」——最可能是自戀型人格(narcissistic personality)","「你不能離開我，我願意為你做牛做馬。」——最可能是依賴型人格(dependent personality)","「你不能離開我，我願意為你做牛做馬。」——最可能是依賴型人格(dependent personality)","A偏向思覺失調型(Schizotypal)；B是妄想型(Paranoid)；C偏向做作型(Histrionic)；D典型依賴型(Dependent)特徵(害怕分離、過度順從)。","人格障礙症,診斷特徵"
"choice","108-1","個案評估與心理衡鑑","在初次的評估會談中，下列敘述何者正確？","諮商心理師最好不要一開始就主動介紹自己的稱呼，藉此觀察個案對自己的投射","不需要花太多時間在澄清會談目的上，否則會壓縮了資料蒐集的時間","最好不要主動提到保密的侷限性，否則會增加個案的心理壓力","最好能與個案共同討論，接下來的治療計畫與介入策略","最好能與個案共同討論，接下來的治療計畫與介入策略","初次會談應建立關係、結構化(介紹、澄清目的)並告知倫理(保密例外)。D是建立合作關係的重要步驟。A、B、C皆違反實務原則。","初次會談,諮商結構,倫理"
"choice","108-1","個案評估與心理衡鑑","關於非結構衡鑑會談的優點，下列何者錯誤？","是實務工作者在較開放且模糊的情境中，觀察個案的機會","可以獲得較精準的心理計量資訊","是建立良好諮商關係的好機會","評估的結果可能受到初步印象效應的影響","可以獲得較精準的心理計量資訊","非結構會談因缺乏標準化程序與計分，其信效度與心理計量特性通常較結構化會談低(不精準)。","非結構會談,評估面談"
"choice","108-1","個案評估與心理衡鑑","通常測驗信度愈高愈好，但在下列何種情況下可以接受使用信度較低測驗？","當個別差異很小的情況下，欲將受測者分至不同類別中","當測驗是用來做初步，而非最後的決定時","當要測量的是某一非常特定的屬性時","需要進行入學、升學鑑別時","當測驗是用來做初步，而非最後的決定時","若是用於初步篩選(Screening)，隨後會有更精密的評估，則可容忍稍低的信度。若為重大決策(如D)，信度要求必須很高。","信度,測驗使用,篩選"
"choice","108-1","個案評估與心理衡鑑","某公司年終考績分成A、B、C、D四等，並規定各部門主管評定該部門員工年終考績時，考績A等的員工總數不得超過該部門員工總人數的20%。此規定可避免各部門主管評估員工考績時，出現下列何種現象？","月暈偏誤(halo error)","仁慈偏誤(leniency error)","文化偏誤(culture bias error)","趨中偏誤(central tendency error)","仁慈偏誤(leniency error)","限制高分比例(強制分配)主要是為了防止主管做好人，給大家都高分(仁慈偏誤)。","績效評估,偏誤,仁慈偏誤"
"choice","108-1","個案評估與心理衡鑑","魏氏智力測驗最能反映個案「流體推理能力」的指數是下列那個選項？","語文理解","知覺推理","工作記憶","處理速度","知覺推理","在WAIS-IV中，知覺推理指數(PRI)測量流體智力、空間處理與視動整合。語文理解(VCI)測量晶體智力。","魏氏智力測驗,流體智力,PRI"
"choice","108-1","個案評估與心理衡鑑","在進行個案的成就評估時參考他在學校的成績單，這是運用了什麼資料蒐集方法？","教室觀察","檔案評量","相關第三人訪談","紙筆測驗","檔案評量","學校成績單屬於既有的紀錄或檔案，故為檔案評量(Archival assessment / Portfolio)。","資料蒐集,檔案評量"
"choice","108-1","個案評估與心理衡鑑","對於檔案資料的界定，下列概念何者可能錯誤？","當事人的歷史資料","包含紙本與電子檔案","是一種客觀資料","包含公開與非公開的","是一種客觀資料","檔案資料(如日記、書信、自傳)可能包含高度主觀的內容，並非全為客觀事實。","檔案資料,客觀性"
"choice","108-1","個案評估與心理衡鑑","某諮商心理師利用 Lazarus的BASIC-ID多重模式來概念化個案的問題，下列那一個敘述會被放在行為(Behavior)的項目下？","說話速度緩慢","經常有習慣性的頭痛而服藥","與人互動時，表現較為退縮","覺得自己是孤獨的人","說話速度緩慢","BASIC-ID中，B=Behavior(可觀察的外顯行為)。「說話速度緩慢」是具體可觀察行為。C「退縮」是抽象描述；D是認知/感覺；B偏向生理(D)或藥物。註：考選部答案為A。","Lazarus,多重模式治療,BASIC-ID"
"choice","108-1","個案評估與心理衡鑑","關於持續時間記錄的特徵，下列敘述何者錯誤？","主要用於關注學生在從事某一特殊行為的時間長度","可以了解目標行為的平均持續時間或持續總時間","適用於容易指認開始與結束的行為","目標行為的次數與行為時間的長度兩者間成正比","目標行為的次數與行為時間的長度兩者間成正比","行為次數(頻率)與持續時間不一定成正比(例如：發脾氣次數少但每次很久，VS 次數多但每次很短)。","行為觀察,持續時間記錄"
"choice","108-1","個案評估與心理衡鑑","關於行為衡鑑概念的敘述，下列何者錯誤？","行為衡鑑強調，不同的行為違常通常都是以多元方式表現出來","行為衡鑑是一種對於行為障礙和改變行為障礙的思考方式","行為衡鑑比較傾向功能取向","行為衡鑑關切個體的行為表現，較不強調行為的環境決定因子","行為衡鑑關切個體的行為表現，較不強調行為的環境決定因子","行為衡鑑(Behavioral Assessment)極度強調「環境決定因子」與情境脈絡(ABC分析)，認為行為是人與環境互動的產物。","行為衡鑑,環境因素"
"choice","108-1","個案評估與心理衡鑑","關於斯比智力量表五版(Stanford-Binet Intelligence Scale-5)的敘述，下列何者錯誤？","適用年齡範圍是6至86歲","分量表的平均數為10，標準差為3","是托孟(L. M. Terman)等人修訂比西量表(Binet-Simon Intelligence Scale)而成","語文、非語文、全量表的平均數為100，標準差為15","適用年齡範圍是6至86歲","SB-5的適用年齡非常廣，從2歲到85歲以上皆可，並非僅從6歲開始。","斯比智力量表,SB-5"
"choice","108-1","個案評估與心理衡鑑","關於魏氏記憶量表第四版(WMS-IV)的敘述，下列何者正確？","一般界定臨床病患有損傷(impaired)(如阿茲海默症)的分數是70分","一般界定臨床病患有臨界到低於平均(borderline to low average)(如思覺失調症)有損傷的分數是50~60分","魏氏記憶量表第四版可以用來測謊，並評估老人性格","共有七個指數分數(indexes)","一般界定臨床病患有損傷(impaired)(如阿茲海默症)的分數是70分","標準分數70通常為臨界點(低於平均2個標準差)，臨床上常以此界定顯著損傷。WMS-IV有5個主要指數。","魏氏記憶量表,WMS-IV,切截分數"
"choice","108-1","個案評估與心理衡鑑","下列四種測驗，何者採用自比式測驗設計方式？","加州人格量表(California Psychological Inventory, CPI)","明尼蘇答多相人格測驗(Minnesota Multiphasic Personality Inventory-2, MMPI-2)","十六人格因素問卷(Sixteen Personality Factor Questionnaire, 16PF)","愛德華個人偏好量表(Edwards Personal Preference Schedule, EPPS)","愛德華個人偏好量表(Edwards Personal Preference Schedule, EPPS)","EPPS採用強迫選擇(Forced-choice)格式，受測者需在兩個敘述中擇一，形成自比式(Ipsative)分數，只能與自己比較，不能與常模比較。","人格測驗,自比式,EPPS"
"choice","108-1","個案評估與心理衡鑑","下列那一個MMPI 量尺得高分表示個案一方面有具體的身體不適，但另一方面又對困難表現出誇張的樂觀態度？","精神分裂量尺(Schizophrenia, Sc)","社交內向性量尺(Social Introversion, Si)","精神衰弱量尺(Psychasthenia, Pt)","歇斯底里量尺(Hysteria, Hy)","歇斯底里量尺(Hysteria, Hy)","這是歇斯底里(Hy)量表的典型特徵：利用身體症狀迴避衝突，同時對心理問題展現天真或過度樂觀的否認態度(La belle indifférence)。","MMPI,歇斯底里"
"choice","108-1","個案評估與心理衡鑑","下列何者非投射法的測驗？","班達完形測驗(Bender-Gestalt Test)","語句完成測驗(Sentence Completion Test)","基氏人格測驗(Guilford Personality Test)","宋第測驗(Szondi Test)","基氏人格測驗(Guilford Personality Test)","基氏人格測驗是自陳量表(Self-report inventory)，屬於客觀測驗，非投射測驗。","投射測驗,心理測驗分類"
"choice","108-1","個案評估與心理衡鑑","下列何者是DSM-5對評估學習障礙症最重要的觀點？","神經發展障礙","基本知覺歷程缺陷","外在文化不利因素","經常伴隨輕度智能不足","神經發展障礙","DSM-5將特定學習障礙症(Specific Learning Disorder)歸類於「神經發展障礙症」(Neurodevelopmental Disorders)章節，強調其生物學與神經發展基礎。","學習障礙,DSM-5,神經發展"
"choice","108-1","個案評估與心理衡鑑","在學習障礙評估時，需考慮魏氏兒童智力量表的指數分數，下列何者與學生學習經驗最為相關？","語文理解","知覺推理","工作記憶","處理速度","語文理解","語文理解指數(VCI)反映晶體智力，高度受教育、文化刺激與學習經驗影響。","WAIS,學習障礙,VCI"
"choice","108-1","個案評估與心理衡鑑","為探討持續性學習困難的原因(心智、生理、情緒、環境)，應採用下列何種評量？","安置性評量","形成性評量","總結性評量","診斷性評量","診斷性評量","診斷性評量(Diagnostic Assessment)旨在深入探究學習困難的深層原因(如生理、心理、環境)，以便安排補救教學。","教育評量,診斷性評量"
"choice","108-1","個案評估與心理衡鑑","「我喜歡做的事」為行政院勞動部勞動力發展署常用的一種生涯評估測驗，此測驗主要的測量內容為下列何者？","測量個人多面向的工作潛能","測量個人對各種職業有關活動的喜歡程度","測量個人工作滿意的來源","測量個人在各種職業或活動的知識量多寡","測量個人對各種職業有關活動的喜歡程度","「我喜歡做的事」是職業興趣量表，測量個人對不同職業活動的喜好程度。","生涯測驗,職業興趣"
"choice","108-1","個案評估與心理衡鑑","甄選新進員工時，人力資源主管張小姐擬使用職業導向之性向測驗，來評估應徵者多個面向的工作潛能時，使用下列何種測量工具最適合？","多向度性向測驗","通用性向測驗","區分性向測驗","G567 學術性向測驗","通用性向測驗","通用性向測驗(GATB)是勞動部常用於職場性向評估的工具，涵蓋多種職業性向。","性向測驗,GATB"
"choice","108-1","個案評估與心理衡鑑","某大四學生知道自己喜歡接近群眾，也擅長寫作與面對眾人發表談話，但是不太確定大學畢業後，要去什麼機構或應徵什麼職務。下列何種評量工具較能幫助其做決定？","生涯興趣量表","生涯成熟量表","生涯信念量表","工作價值觀量表","工作價值觀量表","雖然興趣重要，但若已明確知道喜歡「做什麼」(接近群眾、寫作)，但不確定「去哪裡/職務」(選擇)，可能需要釐清內在重視的回饋或環境特性，即工作價值觀(D)。不過題目提及「喜歡...擅長...」，通常指向興趣或能力。但依考選部答案D，解釋為：當能力興趣已知但無法抉擇時，價值觀(重視什麼)常是關鍵。","生涯諮商,工作價值觀"
"choice","108-1","個案評估與心理衡鑑","下列那一種心理測驗之應用，較適合高中生在選擇大學校系時參考之用，也可以適用於高職生升學輔導之參考？","大學入學考試中心興趣量表","生涯興趣量表","工作價值觀量表","生涯發展阻隔因素量表","大學入學考試中心興趣量表","大考中心興趣量表專為高中生升學選系設計，廣泛應用於台灣高中職。","生涯測驗,興趣量表,升學輔導"
"choice","108-1","個案評估與心理衡鑑","下列何者不是Culter, Yeager 和 Nunley (2013)提及的基本危機狀態？","當事人知覺有壓力或危險的事件","當事人處於一般人認為很危急的危險事件","當事人知覺後，認為壓力事件將造成相當程度的煩亂和崩解","當事人無法用先前因應方法解除這樣的崩解","當事人處於一般人認為很危急的危險事件","危機的定義在於「當事人的主觀知覺」與「應對無效」，而非客觀事件是否被大眾認為危急。","危機介入,危機定義"
"choice","108-1","個案評估與心理衡鑑","在評估會談中，個案若談論到關於宗教、信仰、甚至是神祕的靈性經驗，諮商心理師該如何處理這些資訊？","開始朝向妄想的心理障礙症症狀，進行資料蒐集","為避免變成信仰的討論，諮商心理師應盡量將該話題轉變成一般的心理現象","採取不回應、也不追問的態度，以持平的方式繼續晤談","以開放的態度，邀請個案分享該經驗，並適時地表達自己的靈性立場","以開放的態度，邀請個案分享該經驗，並適時地表達自己的靈性立場","面對多元文化與靈性議題，諮商師應抱持開放、尊重的態度，視其為個案世界觀的一部分進行探索，而非急於病理化或迴避。D選項「表達自己的靈性立場」若指適當的自我揭露或共鳴尚可，相較於ABC，D最接近多元文化能力。(註：考選部答案為D)。","靈性諮商,多元文化"
"choice","108-1","個案評估與心理衡鑑","關於撰寫個案衡鑑報告(case report)的敘述，下列何者錯誤？","當事人的背景資料需要詳實，包括其生父與生母的生日與戀愛史","當事人的家庭心理疾病背景需要詳實，盡可能必要包括生父與生母兩方的家族史","心理師撰寫該報告時應以客觀立場進行事實的陳述，而非心理師主觀的情緒感受書寫","個案報告書寫的內容需結構化，其中必要的內容包括：背景資料、主訴問題及處遇建議等等","當事人的背景資料需要詳實，包括其生父與生母的生日與戀愛史","報告應聚焦於與案主問題相關的資訊。父母的確切生日與戀愛細節通常非必要資訊，過度詳實反而失焦。","心理衡鑑報告,撰寫原則"
"choice","108-1","個案評估與心理衡鑑","個案心理衡鑑報告中，最具有不可取代性的專業內容為下列何者？","當事人背景資料","評估資料的解釋與瞭解","建議的醫療處遇計畫","DSM-5的診斷","評估資料的解釋與瞭解","心理師的核心專業在於將各種分散的資料(測驗、訪談、觀察)進行整合、解釋與概念化(Formulation/Understanding)，這是單純的資料或診斷標籤無法取代的。","心理衡鑑,專業核心"
"choice","108-1","個案評估與心理衡鑑","你是一位新手諮商心理師，最近接到一個轉介問題是：「個案疑似有妄想的症狀，常對同學說自己被外星人綁架。」你從來沒有接觸過這一類型的個案，下列那一項作為是最適當的？","先和這個個案進行衡鑑，如果遇到問題再請教熟悉此類問題的專家","先諮詢過熟悉此類問題的專家，或是找好適合的督導後，再開始和個案進行衡鑑","先和個案進行衡鑑再視情況決定是否轉介","先閱讀相關的文獻以熟悉此類問題的病徵","先諮詢過熟悉此類問題的專家，或是找好適合的督導後，再開始和個案進行衡鑑","依據倫理守則，心理師應在能力範圍內執業。遇到不熟悉的領域，應先尋求督導或諮詢，以確保個案權益，而非貿然嘗試。","諮商倫理,能力範圍,轉介"
"choice","108-1","個案評估與心理衡鑑","適切性(relevance)是保護受測者隱私的一重要觀念，它指的是什麼？","測驗蒐集的資料必須與受測者的成長背景有關","測驗蒐集的資料必須與受測者的心理狀態有關","測驗蒐集的資料必須與受測者的引介原因有關","測驗蒐集的資料必須與受測者的個人隱私無關","測驗蒐集的資料必須與受測者的引介原因有關","適切性(Relevance)指蒐集的資料必須與評估目的(引介原因)直接相關。收集無關的隱私資訊違反倫理。","測驗倫理,隱私權,適切性"

"essay","108-1","團體諮商與心理治療","根據聯合國世界衛生組織的報告，預言2020年造成人類失能前十名的疾病，第一名是憂鬱症。憂鬱症是自體大腦的化學物質不平衡，而讓自體感覺不到自己的價值、產生絕望，以致於想要自殺或死亡。然而在醫學藥物的治療上又極其有限，於是，心靈上的自我意識與探索療癒，就成為拯救人類生存的重要關鍵。人類也是群居物種，人際關係更是關乎生存安全，那麼團體諮商與心理治療就更是至為重要。所以不論任何一種形式的團體諮商與心理治療，都在促使人們能更加認識自己，成為功能完全運作的人。是以請設計一個自我成長與療癒的團體方案，詳細列出團體方案的設計理念、團體方案的主題、團體方案的目標、團體方案的歷程、團體方案結束的預期成效。","","","","","","【擬答重點】\n一、設計理念：\n1. 基於人本存在觀點，強調自我覺察與人際連結。\n2. 結合認知行為或正念減壓技術，輔助情緒調節。\n\n二、團體主題：\n例如：「重拾生命色彩：憂鬱症自我療癒成長團體」\n\n三、團體目標：\n1. 增加成員對憂鬱症狀的認識與去污名化。\n2. 提升自我覺察能力，辨識負向思考模式。\n3. 建立社會支持網絡，減少孤獨感。\n4. 學習情緒調節與壓力因應技巧。\n\n四、團體歷程（範例）：\n1. 初期（建立關係）：暖身、訂定規範、建立安全感。\n2. 轉換期（處理抗拒）：探索焦慮、面對衝突、深化信任。\n3. 工作期（核心議題）：深入探索自我價值、修正非理性信念、情緒宣洩與重整。\n4. 結束期（統整與告別）：回顧學習、處理分離焦慮、祝福與賦能。\n\n五、預期成效：\n1. 成員能具體指認個人壓力源及應對策略。\n2. 憂鬱情緒量表分數顯著降低。\n3. 提升人際互動品質與自我價值感。","憂鬱症,團體方案設計,自我成長,療癒,WHO"
"essay","108-1","團體諮商與心理治療","團體諮商中，歷程催化是為了能促進團體氣氛與信任感，這樣的團體互動引導很重要。Chen和Rybak 針對團體互動的催化技巧，列出十五項，請從下列六項中，選擇其中三項，以你個人參加團體的經驗（包含領導者或成員），以團體中的實例詳細描述與說明。\n1. 尊重並適時地，引出安靜成員(drawing out quiet members)。\n2. 議題失去焦點時，返回與再聚焦(looping back and refocusing)。\n3. 每段話題結束前，主題摘述(summarizing themes)。\n4. 鼓勵情感表達而非抑制，於成員哭泣時(when group members cry)。\n5. 教導催化技巧，示範同理反應(leader modeling of empathic responses)。\n6. 用「你」而非「他」(addressing group members instead of talking about them)。","","","","","","【擬答重點】\n（考生需從六項中選三項，並結合實例說明。以下為範例方向）\n\n一、尊重並適時地，引出安靜成員：\n1. 說明：觀察非語言訊息（如點頭、眼神），以溫和邀請而非強迫的方式鼓勵發言。\n2. 實例：「小明，我看見大家討論時你頻頻點頭，不知道你有什麼想法想分享嗎？」\n\n二、議題失去焦點時，返回與再聚焦：\n1. 說明：當討論過於發散或變成社交閒聊時，領導者介入將焦點拉回團體目標或當下感受。\n2. 實例：「我們剛才討論了很多關於工作的細節，但我想邀請大家回到現在，這些壓力帶給你什麼樣的感受？」\n\n三、每段話題結束前，主題摘述：\n1. 說明：在話題轉換前，歸納成員的共同觀點或差異，協助統整。\n2. 實例：「聽起來大家剛剛都提到了面對家人的期待時，那種既想符合又不甘心的矛盾心情...」\n\n四、鼓勵情感表達：\n1. 說明：當成員哭泣時，提供支持性空間，不急著遞衛生紙止哭，而是鼓勵宣洩。\n2. 實例：「如果眼淚會說話，它現在想告訴我們什麼？」\n\n五、示範同理反應：\n1. 說明：領導者透過自身示範，教導成員如何進行高品質的同理回應。\n2. 實例：領導者對成員說：「聽到你這樣說，我感覺到一陣心酸...」示範情感反映。\n\n六、用「你」而非「他」：\n1. 說明：鼓勵成員直接對話，增加接觸強度。\n2. 實例：「小華，請你轉過身看著小強，直接把你對他的擔心告訴他，而不是告訴我。」","團體催化技巧,Chen & Rybak,領導者介入,團體動力"
"choice","108-1","團體諮商與心理治療","關於團體輔導、團體諮商、團體心理治療的比較，下列敘述何者最正確？","團體輔導強調成員錯誤價值觀的矯正及正確價值觀的發展","團體諮商每次開始時，宜先有15~20分鐘的教學或演講以引導討論方向","團體心理治療的進行會導向人格重建或行為重塑","三者中，僅團體心理治療有明確的專業倫理守則","團體心理治療的進行會導向人格重建或行為重塑","團體心理治療主要針對有嚴重心理困擾或病理議題的個案，目標通常涉及深層的人格結構改變或行為重塑；團體輔導偏向預防與發展，團體諮商則介於兩者之間，處理人際或發展困擾。","團體類型比較,團體心理治療,人格重建"
"choice","108-1","團體諮商與心理治療","某社區助人機構針對社區一般婦女開辦自我肯定訓練團體，教導那些無法向他人表達自己需求的女性能夠拒絕別人不適當的要求，也能以自我肯定的技巧表達自己的想法和感受，提升其自尊及因應人際互動的技巧。根據此團體目標，它最可能屬於那一類型的團體？","心理教育團體","心理治療團體","會心團體","任務團體","心理教育團體","該團體以「教導」技巧（自我肯定、拒絕要求）為主，具有明確的教育目標與結構，屬於心理教育團體（Psychoeducational Group）。","心理教育團體,自我肯定訓練"
"choice","108-1","團體諮商與心理治療","針對國小中年級學童開設的「網路交友停看聽團體」，分享網路交友的經驗、陷阱，以及與網友互動的安全保護措施。此團體的性質為下列何者？","成長團體","任務團體","輔導團體","討論團體","輔導團體","在學校場域中，針對特定主題（如網路安全）進行預防性、資訊分享與觀念澄清的團體，常被歸類為團體輔導（Guidance Group/Psychoeducational）。","團體輔導,網路交友"
"choice","108-1","團體諮商與心理治療","關於團體緊張狀態的敘述，下列何者最不適當？","來源之一是為了爭奪團體的支配權或領導者的注意力","可能源自渴望投入團體以及恐懼失去自我的掙扎","在團體進入工作階段，團體緊張狀態最為顯著","在長期的人際歷程團體中，有時候很久都不會發生","在團體進入工作階段，團體緊張狀態最為顯著","團體緊張與焦慮通常在「轉換階段（過渡階段）」最為顯著，此時成員面臨權力控制與信任議題。進入工作階段後，凝聚力提高，緊張感通常會降低。","團體發展階段,轉換階段,團體焦慮"
"choice","108-1","團體諮商與心理治療","領導者採用下列那一項策略最不可能提升團體凝聚力？","催化成員於團體中進行有意義的自我探索","鼓勵沉默或退縮的成員表達他們對團體的看法","肯定成員表達對團體正向和負向的反應或看法","鼓勵成員給予具攻擊性但相當真實的回饋","鼓勵成員給予具攻擊性但相當真實的回饋","攻擊性的回饋會破壞團體的安全感與信任感，進而降低凝聚力。有效與真實的回饋應建立在關懷與建設性的基礎上。","團體凝聚力,回饋技巧"
"choice","108-1","團體諮商與心理治療","關於團體溝通，下列敘述何者最不適當？","領導者用眼神接觸引導成員發言是一種隱晦的溝通，要儘量避免","以領導者為中心的溝通常會出現在心理教育團體","繞圈發言常在團體之初被領導者所應用","凝聚力、人際學習與宣洩等療效因子，都與團體中的溝通型態密切相關","領導者用眼神接觸引導成員發言是一種隱晦的溝通，要儘量避免","眼神接觸是領導者重要的非語言催化技巧，可用來邀請發言、給予支持或進行連結，並非需要避免的行為。","團體溝通,眼神接觸,非語言行為"
"choice","108-1","團體諮商與心理治療","關於建立治療性團體文化的敘述，下列何者錯誤？","具治療性的團體文化是促使團體改變的原動力","團體開始時，領導者猶如過渡客體(transitional object)，是統合團體的主要力量","領導者若禁止成員的某種行為，會帶來批判的意味，要儘量避免","治療團體的文化往往背離病人熟悉的社會規則，領導者應鼓勵病人多加學習","領導者若禁止成員的某種行為，會帶來批判的意味，要儘量避免","領導者有責任建立規範（Norms），對於破壞團體安全或阻礙工作的行為（如攻擊、持續遲到），需要適當介入或設立界線，而非完全避免禁止。","團體文化,團體規範,領導者角色"
"choice","108-1","團體諮商與心理治療","關於團體工作階段的敘述，下列何者最適當？","團體特徵是高度生產性與理智化","可觀察到所有成員都準備好要進行較深度的探索","領導者不再著重從成員的分享中尋求共同主題，而是催化團體形成更多元主題","許多團體可能從未真正進入工作階段，且關鍵性的工作可能會出現在團體的任何階段","許多團體可能從未真正進入工作階段，且關鍵性的工作可能會出現在團體的任何階段","並非所有團體都能發展到成熟的工作階段；且治療性的工作與改變可能發生在任何階段（如初期的普同感、轉換期的衝突處理）。","團體工作階段,團體動力"
"choice","108-1","團體諮商與心理治療","在焦慮壓力處理團體最後一次聚會時，成員甲表示他最近都睡不著，覺得自己可能焦慮症又要復發了。下列領導者的反應，何者對此階段的任務催化最沒有幫助？","指出甲在最後一次團體提出困境，背後呈現可能的分離焦慮","請成員共同回顧在團體中所習得的內容，在這個現象上如何應用","請成員多揭露一點最近遇到的困難，邀請大家最後一次給甲幫忙","說明團體學習可能的限制，提供未來可進一步諮詢或求助的管道","請成員多揭露一點最近遇到的困難，邀請大家最後一次給甲幫忙","在結束階段，重點在於統整、回顧與處理分離，不宜再開啟新的深層議題或鼓勵過度揭露新困難，這可能導致團體結束時的未竟事務與焦慮。","團體結束階段,分離焦慮,再發預防"
"choice","108-1","團體諮商與心理治療","關於團體「工作階段」，下列敘述何者錯誤？","團體呈現互相關懷且有凝聚力的氣氛，成員開始願意冒險與信任，進而能夠探索深層議題","成員學習如何達成真誠且有效的回饋，促成更緊密的情感交流與溝通互動","成員開始願意使用團體作為協助行為修正或目標訂定的工具，並增加承諾改變的意願","團體的依賴從成員轉向領導者，期待領導者開啟話題與安排團體的走向","團體的依賴從成員轉向領導者，期待領導者開啟話題與安排團體的走向","在工作階段，成員對領導者的依賴應降低，成員間的互動增加，更能主動負責團體的進行，而非期待領導者主導。","工作階段,團體依賴,成員互動"
"choice","108-1","團體諮商與心理治療","關於團體「結束階段」的描述，下列何者錯誤？","領導者需預留時間，用來表達並修通任何與成員間的溝通或與團體歷程有關的未竟事務","領導者以更直接的面質引導成員面對重要議題，幫助成員加速完成團體目標","領導者透過當下經驗的失落與哀傷，催化團體成員表達對分離的感受與對生命的意義","領導者幫助成員回顧團體經驗與歷程，並鼓勵成員的表達具體化，進而能將所學運用到真實生活情境中","領導者以更直接的面質引導成員面對重要議題，幫助成員加速完成團體目標","結束階段的重點是鞏固學習與處理分離，強烈面質與加速目標達成不符合此階段的治療任務，可能造成新的防衛或傷害。","團體結束階段,面質技術"
"choice","108-1","團體諮商與心理治療","在團體成員發表意見時，下列催化團體間的互動作法，何者最無效？","用手勢請表達者目視團體，或面向要表達意見的成員","在成員表達後，同理或摘要成員的意見","不作反應，以目光注意其他成員反應","邀請有相似感受或經驗的成員回應","在成員表達後，同理或摘要成員的意見","若領導者在每位成員發言後立即摘要或同理，會形成「輪軸式溝通（成員-領導者-成員）」，阻礙成員之間的直接互動。","團體互動,領導者介入,溝通型態"
"choice","108-1","團體諮商與心理治療","關於團體結構化技術的敘述，下列何者最不適當？","結構化的運用只有在特定理論取向的諮商團體","當領導者向團體解釋何謂諮商，亦是進行結構化的介入","適當的結構化對團體具有催化效果","兒童諮商團體較常使用結構化技術","結構化的運用只有在特定理論取向的諮商團體","幾乎所有類型的團體都需要一定程度的結構化（如時間、規範、目標說明），尤其在初期，以建立安全感與方向，並非僅限特定學派。","結構化技術,團體規範"
"choice","108-1","團體諮商與心理治療","關於帶領結構式團體活動的敘述，下列何者最不適當？","具有暖身的效果","有時會邀請某一成員面對其他成員來進行","空椅對話是一種領導技巧而非結構式的活動","有可能耗費整個聚會時間","空椅對話是一種領導技巧而非結構式的活動","雖然空椅是完形治療的技術，但在團體情境中，它常被視為一種結構化的活動或演練（Exercise），用以處理特定議題。相較於其他選項，此敘述界定過於二分法。","結構式活動,空椅技術"
"choice","108-1","團體諮商與心理治療","在諮商團體中，多數成員曾參與該位領導者之前帶過的團體，少數成員則是首次參與團體。在第一次聚會中，首次參與團體的成員甲對領導者多次挑戰，質疑團體安排和進行的方式。下列何者是領導者最適當的處理？①包容甲，暫不回應 ②反映甲對團體進行方式的擔心 ③詢問甲第一次來參加團體的感覺 ④詢問甲有更好的方式及點子嗎 ⑤反映甲對團體進行方式的擔心，並將焦點轉至團體，詢問其他成員是否也有相似的感覺","123","124","235","345","235","面對挑戰與抗拒，領導者應先同理其背後的焦慮（②），了解其感受（③），並將議題普同化，邀請團體共同討論以避免個別角力（⑤）。④可能引發辯論，①則忽視了團體動力。","團體抗拒,領導者介入,次團體"
"choice","108-1","團體諮商與心理治療","關於保持團體焦點的敘述，下列何者錯誤？","團體的性質和發展階段會影響焦點停留的時間長短","團體初期不適合聚焦在沉重的主題，例如性、死亡","保持團體焦點在某成員身上，透過團體的討論可以幫助他","如果團體所進行的主題與目標無關，領導者宜將焦點轉移到相關性較高的主題上","保持團體焦點在某成員身上，透過團體的討論可以幫助他","長時間將焦點鎖定在單一成員身上（Individual therapy in group），會使其他成員變成旁觀者，降低團體動力與凝聚力，應適時連結其他成員。","團體焦點,團體動力"
"choice","108-1","團體諮商與心理治療","團體初期為促進成員的人際交流，領導者宜多鼓勵成員使用何種性質的回饋？","消極性回饋","矯正性回饋","暗示性回饋","積極性回饋","積極性回饋","在團體初期，建立信任與安全感是首要任務，積極性（正向、支持性）的回饋能鼓勵成員開放與冒險。","團體初期,回饋技巧"
"choice","108-1","團體諮商與心理治療","偉明參加大學諮商中心的團體，在團體的初期，常常抱怨團體或和團體其他人唱反調，下列領導者的處理，何者最適當？","在團體中面質偉明的行為","忽略偉明的行為，讓他沒戲唱","讓其他成員多說一些團體正面的事情","利用機會了解偉明抱怨及唱反調的原因","利用機會了解偉明抱怨及唱反調的原因","早期的抗拒或敵意行為往往源自焦慮或對安全感的測試。領導者應嘗試理解其行為背後的需求或情緒，而非直接面質或忽略。","團體抗拒,問題成員"
"choice","108-1","團體諮商與心理治療","關於成員逃避與團體接觸的議題，下列何者最不適當？","讓團體其他人邀請慣性沉默的成員加入討論","成員慣性缺席會帶給團體干擾","輕鬆、樂觀地面對成員分享受傷或痛苦的事件，可能是一種逃避","成員無法下定決心按時出席，就得考慮讓他們退出團體","讓團體其他人邀請慣性沉默的成員加入討論","直接動員成員去向沉默者施壓可能造成沉默者的防衛與不適，領導者應自行評估並適度邀請，或探索沉默的意義，而非將責任轉嫁給其他成員。","沉默成員,團體動力"
"choice","108-1","團體諮商與心理治療","關於團體成員說話過多時，下列領導者的處理，何者正確？","若說話過多者為神經質的成員，應讓他多說話以減輕焦慮","在說話過多者分享時，應給予點頭","進行成員配對活動，領導者與說話過多的成員配對，與之討論多話的情形","邀請每位成員分別對說話過多者的談話內容給予回饋","進行成員配對活動，領導者與說話過多的成員配對，與之討論多話的情形","透過配對活動，領導者可以私下且不失面子地與該成員核對其行為對團體的影響，並協助其覺察。直接讓全體回饋可能造成攻擊或羞愧。","獨占發言,領導者介入"
"choice","108-1","團體諮商與心理治療","當團體中發生次團體現象時，下列領導者的作為對於降低該現象對團體的影響，何者最沒有幫助？","將次團體的目標，與團體目標形成聯結","當次團體只沉溺在彼此親密時，以歷程描述將之透明化","私下與次團體的領導者溝通，希望他在團體中做一些幫忙的工作","在團體規範中明定，若成員私下有其他的互動或協議，需在團體中公開","私下與次團體的領導者溝通，希望他在團體中做一些幫忙的工作","私下與次團體成員「結盟」或交換條件，會破壞團體的透明度與公平性，可能加深分裂。應鼓勵在團體內公開討論次團體現象。","次團體,團體動力"
"choice","108-1","團體諮商與心理治療","在完形治療團體中，成員甲在接觸到過去未處理完的事件時，突然產生強烈的情緒而痛哭。下列領導者的作法，何者最不適當？","請甲停在這個當下，感受眼淚可能在告訴他什麼","拍拍甲的肩膀，告訴他要堅強、不要哭，事情都過去了","以非語言的方式，站在他的旁邊，或徵得甲的同意握對方的手","在甲渲洩一小段時間後，邀請其他成員回應當下聽到的感受","拍拍甲的肩膀，告訴他要堅強、不要哭，事情都過去了","這是典型的「阻斷情緒」與「廉價安撫」，妨礙了成員充分體驗與宣洩情緒的機會，違背完形治療強調覺察當下的精神。","完形治療,情緒處理,同理心"
"choice","108-1","團體諮商與心理治療","下列何者是團體心理治療的領導者，面對成員的言語攻擊時，最適當的非防衛性回應？","你是不是有些生氣","你這樣攻擊我，我不太舒服","我不喜歡你用攻擊的方式對我，我願意和你一起探索，究竟我做了什麼而讓你感到生氣","攻擊的方式不好，可否看看你內在真正要表達的是什麼","我不喜歡你用攻擊的方式對我，我願意和你一起探索，究竟我做了什麼而讓你感到生氣","此回應既設立了界線（不喜歡攻擊方式），又展現了開放性與非防衛的態度（願意探索自己的責任），示範了成熟的溝通。","非防衛性反應,領導者被攻擊"
"choice","108-1","團體諮商與心理治療","團體中，成員小志隱約表達對同性戀的反對，並鼓勵正陷入同志認同困惑的小憂應嘗試與異性交往。領導者基於社會正義，下列何者作法最恰當？","制止小志的反應，對小憂的認同困惑與自我揭露予以肯定","終止小志的表達，為避免衝突，嘗試轉移團體討論的焦點","請小志清楚表達自己對同志的立場與擔憂","為求公平，讓小志和小憂兩人直接對話，討論彼此的觀點","制止小志的反應，對小憂的認同困惑與自我揭露予以肯定","基於社會正義與保護弱勢成員原則，領導者不能採取「價值中立」，應積極介入制止微歧視或壓迫言論，並支持受壓迫成員的自我認同。","社會正義,多元文化,同志議題"
"choice","108-1","團體諮商與心理治療","某國中生涯探索團體，成員甲幾乎未曾主動表達，在第四次團體進行時，成員彼此間開始主動回應及對甲開玩笑，並在團體沉默下來時，就指著甲說：「該甲說話了，只有甲還沒說。」此時領導者的反應，下列何者最不適當？","請發言過的成員，分享他在團體第一次發言的焦慮，先處理團體對沉默及發言的焦慮","說明在團體中自我揭露的功能，但仍尊重每個成員自己決定的權力","趁機催化團體壓力，聯合成員的力量促使甲發言","阻斷成員，說明甲有權力自行決定要說多少","趁機催化團體壓力，聯合成員的力量促使甲發言","強迫成員發言違反了自主權與尊重原則，利用團體壓力迫使成員開放可能造成創傷或退縮。","沉默成員,團體壓力,倫理"
"choice","108-1","團體諮商與心理治療","Yalom 所提出的療效因子中，下列何者在團體治療裡明顯比個別治療能發揮更多的療效？","灌輸希望","原生家庭的矯正性重現","普同感","存在感","原生家庭的矯正性重現","團體環境中有多位成員與領導者，能自然形成類似家庭的結構（領導者如父母、成員如手足），因此更有機會重現並矯正原生家庭的互動模式。","Yalom,療效因子,原生家庭"
"choice","108-1","團體諮商與心理治療","過去在團體療效的實徵研究中，常採用Q分類(Q-sort)技術找出團體成員認為最重要的療效因子。下列敘述何者正確？","Q分類技術是一種質性研究方法","Yalom 的研究結果指出，「發現及接受以前所不知道/不能接受的自己」是最有幫助的療效因子","以Q分類技術進行療效研究，難以量化及解讀結果","使用Q分類技術之前，研究者不必先了解可能影響團體療效的因子為何","Yalom 的研究結果指出，「發現及接受以前所不知道/不能接受的自己」是最有幫助的療效因子","Yalom的研究顯示，成員常將「自我了解（Self-understanding）」、「人際學習」與「宣洩」列為最重要的因子。選項B描述的是自我了解的一種形式。","Q分類,療效因子研究"
"choice","108-1","團體諮商與心理治療","根據 Yalom對於療效因子與團體治療階段關係之描述，下列何者錯誤？","在團體早期，灌注希望、指導與普同感特別重要","利他性在團體中期比較重要，以成員相互關懷並給予建議的方式表現出來","團體凝聚力在團體中、後期的表現是成員會彼此相互尊重並進行人際學習","病人參與團體的時間越久，越重視凝聚力、自我了解與人際之間的付出等療效因子","利他性在團體中期比較重要，以成員相互關懷並給予建議的方式表現出來","利他性（Altruism）貫穿全程，但「給予建議」通常發生在團體「初期」。成熟的利他性（感到自己對他人有幫助）則是持續的。且選項B將利他性侷限在中期且以給建議為主，描述不夠精確。","Yalom,療效因子,發展階段"
"choice","108-1","團體諮商與心理治療","某領導者協助成員覺察他們如何貶低或忽視他人的正向撫慰(strokes)，探索此覺察與個人價值間的關聯性，協助成員做出新的決定。這位領導者最可能帶領下列何種治療取向團體？","精神分析","完形治療","溝通分析","正念治療","溝通分析","「撫慰（Strokes）」、「決定（Decision）」、「腳本（Script）」是溝通分析學派（TA）的核心概念。","溝通分析,TA,撫慰"
"choice","108-1","團體諮商與心理治療","關於悲傷失落團體諮商的設計，下列敘述何者最不適當？","教導成員了解悲傷是一個潛在多年的過程，而非幾個月的時間，且每個人的期程未必相同","領導者需要檢視自己的哀傷經驗，覺察自己的失落議題，才不會影響團體的帶領","在成員的篩選上，以剛有喪親經驗且最近正處於悲傷歷程中的成員最適合","團體進行不要過度強調失落與悲傷的內容","在成員的篩選上，以剛有喪親經驗且最近正處於悲傷歷程中的成員最適合","剛經歷喪親（急性期）的人可能過於脆弱，未必適合立即進入團體互動，通常建議過一段時間（如3個月後）再參加，以免二度傷害或無法負荷。","悲傷輔導,團體篩選"
"choice","108-1","團體諮商與心理治療","根據 Yalom的觀點，關於團體領導者的透明度對治療效果影響的敘述，下列何者正確？","會因領導者的個人風格及團體目標而決定透明度的型態","傳統精神分析取向之領導者會採取增加透明度的方式促進治療效果","領導者的自我坦露，較常發生於成員間治療性的溝通出現以後","成員通常比較喜歡領導者對其表達負向感受，這樣會顯出團體較具有信任感","會因領導者的個人風格及團體目標而決定透明度的型態","適度的自我揭露（透明度）取決於情境、理論取向與成員需求。人本取向較高，精神分析較低。","領導者透明度,自我揭露"
"choice","108-1","團體諮商與心理治療","下列何者不是人際-心理動力模式團體治療的假設？","團體為複合(complex)的現象","強調團體只是治療的一項工具","個人的問題多數是來自人際","關注成員間的人際互動，而非個人內在反應","關注成員間的人際互動，而非個人內在反應","人際動力模式既關注外在的人際互動，也高度關注個人的內在心理動力（如移情、投射），並認為兩者是相互關聯的。","人際動力模式,團體治療假設"
"choice","108-1","團體諮商與心理治療","關於諮商團體的結構性與活動方案設計，下列何者最適當？①團體凝聚促進的活動，在順序安排上最好在人際探索或溝通之前，而非之後 ②較動態的活動宜在前，靜態的活動宜在後 ③非志願性的成員因參與動機不足，可規劃任務型活動提高其參與度 ④低結構或半結構團體在每次聚會中，會使用約一半的時間來進行活動方案 ⑤「優點轟炸」的活動最適合放在團體前期 ⑥兒童團體因口語表達較弱，對於結構化活動運用有較高需求","1236","1246","1345","2346","1236","①凝聚力建立先於深層探索（正確）；②動態活動可作暖身（正確）；③任務活動降低抗拒（正確）；⑥兒童需要結構輔助（正確）。④低結構團體通常活動較少；⑤優點轟炸需信任基礎，適合中後期。","團體活動設計,結構化"
"choice","108-1","團體諮商與心理治療","關於後現代諮商團體領導者常用的技術，下列敘述何者最正確？","最常運用量尺問句，請成員為自己的問題評分，以協助成員了解自己正在做的與想要的差距","常詢問成員，外在環境是如何影響其問題的產生，幫助成員找出環境與問題間的因果關係","協助成員進行外化對話，讓成員學習將問題與人分開，協助成員跳脫充滿問題的論述","扮演好奇的探問者，以一套固定、結構的問句，深入蒐集並了解成員的困境","協助成員進行外化對話，讓成員學習將問題與人分開，協助成員跳脫充滿問題的論述","外化（Externalization）是敘事治療（後現代取向）的核心技術，旨在將「人」與「問題」分開。","後現代諮商,敘事治療,外化"
"choice","108-1","團體諮商與心理治療","關於夫妻或伴侶心理諮商團體的敘述，下列何者錯誤？","成員最好不超過5對，才有足夠的時間讓每個人分享自己的想法和感覺","最好有協同領導者，而且和領導者兩人可以是一對伴侶","領導者應善用團體動力與技巧，協助改變團體中某一個伴侶的不當行為或想法","在團體進行過程中，領導者要注意個別成員的互動，也要注意到一對對夫妻或伴侶的團體動力","領導者應善用團體動力與技巧，協助改變團體中某一個伴侶的不當行為或想法","伴侶諮商的重點在於改善「關係互動模式」，而非聯合團體力量去檢討或改變其中一方（避免變成受害者/加害者模式）。","伴侶諮商,系統觀"
"choice","108-1","團體諮商與心理治療","在醫院對癌症患者舉辦的諮商團體，篩選成員時，下列敘述何者最適當？","應以某一種癌症之同質性成員","應以不同失落悲傷階段來篩選","應考慮成員生命剩下多少時間","應以成員的方便性和嚴重性","應以某一種癌症之同質性成員","醫療性團體通常採取「同質性」原則（如皆為乳癌患者），因為共享相同的疾病經驗能產生強烈的普同感與相互支持。","醫療諮商團體,成員篩選,同質性"
"choice","108-1","團體諮商與心理治療","帶領由過動與注意力缺陷(ADHD)兒童組成的團體時，下列領導行為何者最無效？","規定發言前一定要舉手","協同領導者與不聽制止的兒童坐在一起","引導團體討論如何處罰一再打岔的兒童","針對短暫出現的正向行為給予公開的鼓勵與回饋","引導團體討論如何處罰一再打岔的兒童","討論「處罰」會破壞團體安全感，對於ADHD兒童，應採用正向行為支持、結構化引導與即時回饋，而非懲罰導向。","ADHD團體,兒童團體,行為管理"
"choice","108-1","團體諮商與心理治療","在兒童團體的開始階段，下列關於領導者介入策略的描述，何者錯誤？","領導者不適合直接教導與訓練兒童在團體中發問、表達同理與回饋的人際互動技巧","領導者直接阻止成員負面的互動方式，以保護成員避免受到傷害","處理紀律問題是重要的任務之一，但領導者仍不適合採取權威式的領導","維持紀律、建立信任、減少焦慮，都是領導者的重要任務","領導者不適合直接教導與訓練兒童在團體中發問、表達同理與回饋的人際互動技巧","兒童往往缺乏社交技巧，領導者「主動教導、示範與訓練」技巧是兒童團體的重要功能與介入策略。","兒童團體,社交技巧訓練"
"choice","108-1","團體諮商與心理治療","關於老人團體，下列敘述何者錯誤？","考量老人身體較為虛弱，領導者應避免觸摸老人","喪親經驗不超過12週的個案，較不適合參加老人喪親團體","針對老人帶領心理教育團體，可以幫助他們改變對於老化的想法，進而選擇正確的生活型態","在帶領安置機構老人團體時，傾聽成員的抱怨，並採取具體行動改善他們抱怨的情境，有助成員積極面對生活","考量老人身體較為虛弱，領導者應避免觸摸老人","適當的肢體接觸（如握手、拍肩）對老人來說是重要的感官刺激與關懷傳達，能增加連結感，除非文化或個人禁忌，否則不應完全避免。","老人團體,肢體接觸"
"choice","108-1","團體諮商與心理治療","關於危機減壓團體，下列敘述何者錯誤？","以受到危機事件衝擊較多的人，作為納入成員的考量","團體宜採低結構方式進行","具有篩選高危險群體的功能","以減輕急性症狀為目標","團體宜採低結構方式進行","危機干預團體（如CISD）需要「高結構性」的流程，以提供混亂中的安全感與涵容架構，低結構容易導致情緒失控或二度創傷。","危機減壓,團體結構,CISD"
